

================================================================
== Vitis HLS Report for 'top_kernel'
================================================================
* Date:           Thu Feb  5 12:46:19 2026

* Version:        2025.1.1 (Build 6214317 on Sep 11 2025)
* Project:        project_1
* Solution:       hls (Vivado IP Flow Target)
* Product family: zynquplus
* Target device:  xczu3eg-sbva484-1-e


================================================================
== Performance Estimates
================================================================
+ Timing: 
    * Summary: 
    +--------+----------+----------+------------+
    |  Clock |  Target  | Estimated| Uncertainty|
    +--------+----------+----------+------------+
    |ap_clk  |  10.00 ns|  7.300 ns|     2.70 ns|
    +--------+----------+----------+------------+

+ Latency: 
    * Summary: 
    +---------+---------+----------+----------+-------+-------+---------+
    |  Latency (cycles) |  Latency (absolute) |    Interval   | Pipeline|
    |   min   |   max   |    min   |    max   |  min  |  max  |   Type  |
    +---------+---------+----------+----------+-------+-------+---------+
    |    52508|    52508|  0.525 ms|  0.525 ms|  52509|  52509|       no|
    +---------+---------+----------+----------+-------+-------+---------+

    + Detail: 
        * Instance: 
        +-------------------------------------------------------------------+-------------------------------------------------------+---------+---------+-----------+-----------+-------+-------+------------------------------------------------+
        |                                                                   |                                                       |  Latency (cycles) |   Latency (absolute)  |    Interval   |                    Pipeline                    |
        |                              Instance                             |                         Module                        |   min   |   max   |    min    |    max    |  min  |  max  |                      Type                      |
        +-------------------------------------------------------------------+-------------------------------------------------------+---------+---------+-----------+-----------+-------+-------+------------------------------------------------+
        |grp_top_kernel_Pipeline_VITIS_LOOP_23_1_fu_2227                    |top_kernel_Pipeline_VITIS_LOOP_23_1                    |    16387|    16387|   0.164 ms|   0.164 ms|  16386|  16386|  loop auto-rewind stp (delay=0 clock cycles(s))|
        |grp_top_kernel_Pipeline_VITIS_LOOP_49_6_fu_2242                    |top_kernel_Pipeline_VITIS_LOOP_49_6                    |       11|       11|   0.110 us|   0.110 us|      9|      9|  loop auto-rewind stp (delay=0 clock cycles(s))|
        |grp_top_kernel_Pipeline_VITIS_LOOP_75_10_VITIS_LOOP_80_11_fu_2257  |top_kernel_Pipeline_VITIS_LOOP_75_10_VITIS_LOOP_80_11  |     2051|     2051|  20.510 us|  20.510 us|   2049|   2049|  loop auto-rewind stp (delay=0 clock cycles(s))|
        |grp_top_kernel_Pipeline_VITIS_LOOP_63_8_fu_2389                    |top_kernel_Pipeline_VITIS_LOOP_63_8                    |       53|       53|   0.530 us|   0.530 us|      9|      9|  loop auto-rewind stp (delay=0 clock cycles(s))|
        |grp_top_kernel_Pipeline_VITIS_LOOP_89_13_fu_2500                   |top_kernel_Pipeline_VITIS_LOOP_89_13                   |    16387|    16387|   0.164 ms|   0.164 ms|  16386|  16386|  loop auto-rewind stp (delay=0 clock cycles(s))|
        +-------------------------------------------------------------------+-------------------------------------------------------+---------+---------+-----------+-----------+-------+-------+------------------------------------------------+

        * Loop: 
        +-------------------+---------+---------+----------+-----------+-----------+------+----------+
        |                   |  Latency (cycles) | Iteration|  Initiation Interval  | Trip |          |
        |     Loop Name     |   min   |   max   |  Latency |  achieved |   target  | Count| Pipelined|
        +-------------------+---------+---------+----------+-----------+-----------+------+----------+
        |- VITIS_LOOP_47_5  |    17664|    17664|        69|          -|          -|   256|        no|
        +-------------------+---------+---------+----------+-----------+-----------+------+----------+



================================================================
== Utilization Estimates
================================================================
* Summary: 
+-----------------+---------+-----+--------+-------+-----+
|       Name      | BRAM_18K| DSP |   FF   |  LUT  | URAM|
+-----------------+---------+-----+--------+-------+-----+
|DSP              |        -|    -|       -|      -|    -|
|Expression       |        -|    -|       0|    119|    -|
|FIFO             |        -|    -|       -|      -|    -|
|Instance         |        2|    8|   31228|  33979|    0|
|Memory           |      152|    -|       0|      0|    0|
|Multiplexer      |        -|    -|       0|   7387|    -|
|Register         |        -|    -|    8229|      -|    -|
+-----------------+---------+-----+--------+-------+-----+
|Total            |      154|    8|   39457|  41485|    0|
+-----------------+---------+-----+--------+-------+-----+
|Available        |      432|  360|  141120|  70560|    0|
+-----------------+---------+-----+--------+-------+-----+
|Utilization (%)  |       35|    2|      27|     58|    0|
+-----------------+---------+-----+--------+-------+-----+

+ Detail: 
    * Instance: 
    +-------------------------------------------------------------------+-------------------------------------------------------+---------+----+-------+-------+-----+
    |                              Instance                             |                         Module                        | BRAM_18K| DSP|   FF  |  LUT  | URAM|
    +-------------------------------------------------------------------+-------------------------------------------------------+---------+----+-------+-------+-----+
    |A_m_axi_U                                                          |A_m_axi                                                |        2|   0|    671|    637|    0|
    |C_m_axi_U                                                          |C_m_axi                                                |        0|   0|    611|    666|    0|
    |control_s_axi_U                                                    |control_s_axi                                          |        0|   0|    176|    296|    0|
    |sparsemux_513_8_24_1_1_U346                                        |sparsemux_513_8_24_1_1                                 |        0|   0|      0|   1362|    0|
    |grp_top_kernel_Pipeline_VITIS_LOOP_23_1_fu_2227                    |top_kernel_Pipeline_VITIS_LOOP_23_1                    |        0|   0|   1685|   1296|    0|
    |grp_top_kernel_Pipeline_VITIS_LOOP_49_6_fu_2242                    |top_kernel_Pipeline_VITIS_LOOP_49_6                    |        0|   0|     98|    997|    0|
    |grp_top_kernel_Pipeline_VITIS_LOOP_63_8_fu_2389                    |top_kernel_Pipeline_VITIS_LOOP_63_8                    |        0|   0|  26135|  23654|    0|
    |grp_top_kernel_Pipeline_VITIS_LOOP_75_10_VITIS_LOOP_80_11_fu_2257  |top_kernel_Pipeline_VITIS_LOOP_75_10_VITIS_LOOP_80_11  |        0|   8|    299|   2293|    0|
    |grp_top_kernel_Pipeline_VITIS_LOOP_89_13_fu_2500                   |top_kernel_Pipeline_VITIS_LOOP_89_13                   |        0|   0|   1553|   2778|    0|
    +-------------------------------------------------------------------+-------------------------------------------------------+---------+----+-------+-------+-----+
    |Total                                                              |                                                       |        2|   8|  31228|  33979|    0|
    +-------------------------------------------------------------------+-------------------------------------------------------+---------+----+-------+-------+-----+

    * DSP: 
    N/A

    * Memory: 
    +----------+----------------------+---------+---+----+-----+------+-----+------+-------------+
    |  Memory  |        Module        | BRAM_18K| FF| LUT| URAM| Words| Bits| Banks| W*Bits*Banks|
    +----------+----------------------+---------+---+----+-----+------+-----+------+-------------+
    |A_1_47_U  |A_1_47_RAM_AUTO_1R1W  |        3|  0|   0|    0|  2048|   24|     1|        49152|
    |A_1_U     |A_1_47_RAM_AUTO_1R1W  |        3|  0|   0|    0|  2048|   24|     1|        49152|
    |A_2_U     |A_1_47_RAM_AUTO_1R1W  |        3|  0|   0|    0|  2048|   24|     1|        49152|
    |A_3_U     |A_1_47_RAM_AUTO_1R1W  |        3|  0|   0|    0|  2048|   24|     1|        49152|
    |A_4_U     |A_1_47_RAM_AUTO_1R1W  |        3|  0|   0|    0|  2048|   24|     1|        49152|
    |A_5_U     |A_1_47_RAM_AUTO_1R1W  |        3|  0|   0|    0|  2048|   24|     1|        49152|
    |A_6_U     |A_1_47_RAM_AUTO_1R1W  |        3|  0|   0|    0|  2048|   24|     1|        49152|
    |A_7_U     |A_1_47_RAM_AUTO_1R1W  |        3|  0|   0|    0|  2048|   24|     1|        49152|
    |B_U       |B_RAM_AUTO_1R1W       |        2|  0|   0|    0|   512|   24|     1|        12288|
    |B_1_U     |B_RAM_AUTO_1R1W       |        2|  0|   0|    0|   512|   24|     1|        12288|
    |B_2_U     |B_RAM_AUTO_1R1W       |        2|  0|   0|    0|   512|   24|     1|        12288|
    |B_3_U     |B_RAM_AUTO_1R1W       |        2|  0|   0|    0|   512|   24|     1|        12288|
    |B_4_U     |B_RAM_AUTO_1R1W       |        2|  0|   0|    0|   512|   24|     1|        12288|
    |B_5_U     |B_RAM_AUTO_1R1W       |        2|  0|   0|    0|   512|   24|     1|        12288|
    |B_6_U     |B_RAM_AUTO_1R1W       |        2|  0|   0|    0|   512|   24|     1|        12288|
    |B_7_U     |B_RAM_AUTO_1R1W       |        2|  0|   0|    0|   512|   24|     1|        12288|
    |B_8_U     |B_RAM_AUTO_1R1W       |        2|  0|   0|    0|   512|   24|     1|        12288|
    |B_9_U     |B_RAM_AUTO_1R1W       |        2|  0|   0|    0|   512|   24|     1|        12288|
    |B_10_U    |B_RAM_AUTO_1R1W       |        2|  0|   0|    0|   512|   24|     1|        12288|
    |B_11_U    |B_RAM_AUTO_1R1W       |        2|  0|   0|    0|   512|   24|     1|        12288|
    |B_12_U    |B_RAM_AUTO_1R1W       |        2|  0|   0|    0|   512|   24|     1|        12288|
    |B_13_U    |B_RAM_AUTO_1R1W       |        2|  0|   0|    0|   512|   24|     1|        12288|
    |B_14_U    |B_RAM_AUTO_1R1W       |        2|  0|   0|    0|   512|   24|     1|        12288|
    |B_15_U    |B_RAM_AUTO_1R1W       |        2|  0|   0|    0|   512|   24|     1|        12288|
    |B_16_U    |B_RAM_AUTO_1R1W       |        2|  0|   0|    0|   512|   24|     1|        12288|
    |B_17_U    |B_RAM_AUTO_1R1W       |        2|  0|   0|    0|   512|   24|     1|        12288|
    |B_18_U    |B_RAM_AUTO_1R1W       |        2|  0|   0|    0|   512|   24|     1|        12288|
    |B_19_U    |B_RAM_AUTO_1R1W       |        2|  0|   0|    0|   512|   24|     1|        12288|
    |B_20_U    |B_RAM_AUTO_1R1W       |        2|  0|   0|    0|   512|   24|     1|        12288|
    |B_21_U    |B_RAM_AUTO_1R1W       |        2|  0|   0|    0|   512|   24|     1|        12288|
    |B_22_U    |B_RAM_AUTO_1R1W       |        2|  0|   0|    0|   512|   24|     1|        12288|
    |B_23_U    |B_RAM_AUTO_1R1W       |        2|  0|   0|    0|   512|   24|     1|        12288|
    |B_24_U    |B_RAM_AUTO_1R1W       |        2|  0|   0|    0|   512|   24|     1|        12288|
    |B_25_U    |B_RAM_AUTO_1R1W       |        2|  0|   0|    0|   512|   24|     1|        12288|
    |B_26_U    |B_RAM_AUTO_1R1W       |        2|  0|   0|    0|   512|   24|     1|        12288|
    |B_27_U    |B_RAM_AUTO_1R1W       |        2|  0|   0|    0|   512|   24|     1|        12288|
    |B_28_U    |B_RAM_AUTO_1R1W       |        2|  0|   0|    0|   512|   24|     1|        12288|
    |B_29_U    |B_RAM_AUTO_1R1W       |        2|  0|   0|    0|   512|   24|     1|        12288|
    |B_30_U    |B_RAM_AUTO_1R1W       |        2|  0|   0|    0|   512|   24|     1|        12288|
    |B_31_U    |B_RAM_AUTO_1R1W       |        2|  0|   0|    0|   512|   24|     1|        12288|
    |C_1_U     |C_1_RAM_AUTO_1R1W     |        2|  0|   0|    0|   512|   24|     1|        12288|
    |C_2_U     |C_1_RAM_AUTO_1R1W     |        2|  0|   0|    0|   512|   24|     1|        12288|
    |C_3_U     |C_1_RAM_AUTO_1R1W     |        2|  0|   0|    0|   512|   24|     1|        12288|
    |C_4_U     |C_1_RAM_AUTO_1R1W     |        2|  0|   0|    0|   512|   24|     1|        12288|
    |C_5_U     |C_1_RAM_AUTO_1R1W     |        2|  0|   0|    0|   512|   24|     1|        12288|
    |C_6_U     |C_1_RAM_AUTO_1R1W     |        2|  0|   0|    0|   512|   24|     1|        12288|
    |C_7_U     |C_1_RAM_AUTO_1R1W     |        2|  0|   0|    0|   512|   24|     1|        12288|
    |C_8_U     |C_1_RAM_AUTO_1R1W     |        2|  0|   0|    0|   512|   24|     1|        12288|
    |C_9_U     |C_1_RAM_AUTO_1R1W     |        2|  0|   0|    0|   512|   24|     1|        12288|
    |C_10_U    |C_1_RAM_AUTO_1R1W     |        2|  0|   0|    0|   512|   24|     1|        12288|
    |C_11_U    |C_1_RAM_AUTO_1R1W     |        2|  0|   0|    0|   512|   24|     1|        12288|
    |C_12_U    |C_1_RAM_AUTO_1R1W     |        2|  0|   0|    0|   512|   24|     1|        12288|
    |C_13_U    |C_1_RAM_AUTO_1R1W     |        2|  0|   0|    0|   512|   24|     1|        12288|
    |C_14_U    |C_1_RAM_AUTO_1R1W     |        2|  0|   0|    0|   512|   24|     1|        12288|
    |C_15_U    |C_1_RAM_AUTO_1R1W     |        2|  0|   0|    0|   512|   24|     1|        12288|
    |C_16_U    |C_1_RAM_AUTO_1R1W     |        2|  0|   0|    0|   512|   24|     1|        12288|
    |C_17_U    |C_1_RAM_AUTO_1R1W     |        2|  0|   0|    0|   512|   24|     1|        12288|
    |C_18_U    |C_1_RAM_AUTO_1R1W     |        2|  0|   0|    0|   512|   24|     1|        12288|
    |C_19_U    |C_1_RAM_AUTO_1R1W     |        2|  0|   0|    0|   512|   24|     1|        12288|
    |C_20_U    |C_1_RAM_AUTO_1R1W     |        2|  0|   0|    0|   512|   24|     1|        12288|
    |C_21_U    |C_1_RAM_AUTO_1R1W     |        2|  0|   0|    0|   512|   24|     1|        12288|
    |C_22_U    |C_1_RAM_AUTO_1R1W     |        2|  0|   0|    0|   512|   24|     1|        12288|
    |C_23_U    |C_1_RAM_AUTO_1R1W     |        2|  0|   0|    0|   512|   24|     1|        12288|
    |C_24_U    |C_1_RAM_AUTO_1R1W     |        2|  0|   0|    0|   512|   24|     1|        12288|
    |C_25_U    |C_1_RAM_AUTO_1R1W     |        2|  0|   0|    0|   512|   24|     1|        12288|
    |C_26_U    |C_1_RAM_AUTO_1R1W     |        2|  0|   0|    0|   512|   24|     1|        12288|
    |C_27_U    |C_1_RAM_AUTO_1R1W     |        2|  0|   0|    0|   512|   24|     1|        12288|
    |C_28_U    |C_1_RAM_AUTO_1R1W     |        2|  0|   0|    0|   512|   24|     1|        12288|
    |C_29_U    |C_1_RAM_AUTO_1R1W     |        2|  0|   0|    0|   512|   24|     1|        12288|
    |C_30_U    |C_1_RAM_AUTO_1R1W     |        2|  0|   0|    0|   512|   24|     1|        12288|
    |C_31_U    |C_1_RAM_AUTO_1R1W     |        2|  0|   0|    0|   512|   24|     1|        12288|
    |C_32_U    |C_1_RAM_AUTO_1R1W     |        2|  0|   0|    0|   512|   24|     1|        12288|
    +----------+----------------------+---------+---+----+-----+------+-----+------+-------------+
    |Total     |                      |      152|  0|   0|    0| 49152| 1728|    72|      1179648|
    +----------+----------------------+---------+---+----+-----+------+-----+------+-------------+

    * FIFO: 
    N/A

    * Expression: 
    +------------------------+----------+----+---+----+------------+------------+
    |      Variable Name     | Operation| DSP| FF| LUT| Bitwidth P0| Bitwidth P1|
    +------------------------+----------+----+---+----+------------+------------+
    |add_ln47_fu_4173_p2     |         +|   0|  0|  16|           9|           1|
    |add_ln60_fu_8053_p2     |         +|   0|  0|  32|          25|          15|
    |and_ln60_fu_8085_p2     |       and|   0|  0|   2|           1|           1|
    |icmp_ln47_fu_4167_p2    |      icmp|   0|  0|  17|           9|          10|
    |denom_1_fu_8105_p3      |    select|   0|  0|  24|           1|          24|
    |select_ln60_fu_8097_p3  |    select|   0|  0|  24|           1|          23|
    |xor_ln60_1_fu_8091_p2   |       xor|   0|  0|   2|           1|           1|
    |xor_ln60_fu_8079_p2     |       xor|   0|  0|   2|           1|           2|
    +------------------------+----------+----+---+----+------------+------------+
    |Total                   |          |   0|  0| 119|          48|          77|
    +------------------------+----------+----+---+----+------------+------------+

    * Multiplexer: 
    +---------------------+-----+-----------+-----+-----------+
    |         Name        | LUT | Input Size| Bits| Total Bits|
    +---------------------+-----+-----------+-----+-----------+
    |A_0_ARADDR           |   14|          3|   64|        192|
    |A_0_ARLEN            |   14|          3|   32|         96|
    |A_0_ARVALID          |   14|          3|    1|          3|
    |A_0_RREADY           |    9|          2|    1|          2|
    |A_1_47_address0      |   20|          4|   11|         44|
    |A_1_47_ce0           |   20|          4|    1|          4|
    |A_1_47_we0           |    9|          2|    1|          2|
    |A_1_address0         |   20|          4|   11|         44|
    |A_1_ce0              |   20|          4|    1|          4|
    |A_1_we0              |    9|          2|    1|          2|
    |A_2_address0         |   20|          4|   11|         44|
    |A_2_ce0              |   20|          4|    1|          4|
    |A_2_we0              |    9|          2|    1|          2|
    |A_3_address0         |   20|          4|   11|         44|
    |A_3_ce0              |   20|          4|    1|          4|
    |A_3_we0              |    9|          2|    1|          2|
    |A_4_address0         |   20|          4|   11|         44|
    |A_4_ce0              |   20|          4|    1|          4|
    |A_4_we0              |    9|          2|    1|          2|
    |A_5_address0         |   20|          4|   11|         44|
    |A_5_ce0              |   20|          4|    1|          4|
    |A_5_we0              |    9|          2|    1|          2|
    |A_6_address0         |   20|          4|   11|         44|
    |A_6_ce0              |   20|          4|    1|          4|
    |A_6_we0              |    9|          2|    1|          2|
    |A_7_address0         |   20|          4|   11|         44|
    |A_7_ce0              |   20|          4|    1|          4|
    |A_7_we0              |    9|          2|    1|          2|
    |A_blk_n_AR           |    9|          2|    1|          2|
    |B_10_address0        |   14|          3|    9|         27|
    |B_10_ce0             |   14|          3|    1|          3|
    |B_10_ce1             |    9|          2|    1|          2|
    |B_10_we0             |    9|          2|    1|          2|
    |B_11_address0        |   14|          3|    9|         27|
    |B_11_ce0             |   14|          3|    1|          3|
    |B_11_ce1             |    9|          2|    1|          2|
    |B_11_we0             |    9|          2|    1|          2|
    |B_12_address0        |   14|          3|    9|         27|
    |B_12_ce0             |   14|          3|    1|          3|
    |B_12_ce1             |    9|          2|    1|          2|
    |B_12_we0             |    9|          2|    1|          2|
    |B_13_address0        |   14|          3|    9|         27|
    |B_13_ce0             |   14|          3|    1|          3|
    |B_13_ce1             |    9|          2|    1|          2|
    |B_13_we0             |    9|          2|    1|          2|
    |B_14_address0        |   14|          3|    9|         27|
    |B_14_ce0             |   14|          3|    1|          3|
    |B_14_ce1             |    9|          2|    1|          2|
    |B_14_we0             |    9|          2|    1|          2|
    |B_15_address0        |   14|          3|    9|         27|
    |B_15_ce0             |   14|          3|    1|          3|
    |B_15_ce1             |    9|          2|    1|          2|
    |B_15_we0             |    9|          2|    1|          2|
    |B_16_address0        |   14|          3|    9|         27|
    |B_16_ce0             |   14|          3|    1|          3|
    |B_16_ce1             |    9|          2|    1|          2|
    |B_16_we0             |    9|          2|    1|          2|
    |B_17_address0        |   14|          3|    9|         27|
    |B_17_ce0             |   14|          3|    1|          3|
    |B_17_ce1             |    9|          2|    1|          2|
    |B_17_we0             |    9|          2|    1|          2|
    |B_18_address0        |   14|          3|    9|         27|
    |B_18_ce0             |   14|          3|    1|          3|
    |B_18_ce1             |    9|          2|    1|          2|
    |B_18_we0             |    9|          2|    1|          2|
    |B_19_address0        |   14|          3|    9|         27|
    |B_19_ce0             |   14|          3|    1|          3|
    |B_19_ce1             |    9|          2|    1|          2|
    |B_19_we0             |    9|          2|    1|          2|
    |B_1_address0         |   14|          3|    9|         27|
    |B_1_ce0              |   14|          3|    1|          3|
    |B_1_ce1              |    9|          2|    1|          2|
    |B_1_we0              |    9|          2|    1|          2|
    |B_20_address0        |   14|          3|    9|         27|
    |B_20_ce0             |   14|          3|    1|          3|
    |B_20_ce1             |    9|          2|    1|          2|
    |B_20_we0             |    9|          2|    1|          2|
    |B_21_address0        |   14|          3|    9|         27|
    |B_21_ce0             |   14|          3|    1|          3|
    |B_21_ce1             |    9|          2|    1|          2|
    |B_21_we0             |    9|          2|    1|          2|
    |B_22_address0        |   14|          3|    9|         27|
    |B_22_ce0             |   14|          3|    1|          3|
    |B_22_ce1             |    9|          2|    1|          2|
    |B_22_we0             |    9|          2|    1|          2|
    |B_23_address0        |   14|          3|    9|         27|
    |B_23_ce0             |   14|          3|    1|          3|
    |B_23_ce1             |    9|          2|    1|          2|
    |B_23_we0             |    9|          2|    1|          2|
    |B_24_address0        |   14|          3|    9|         27|
    |B_24_ce0             |   14|          3|    1|          3|
    |B_24_ce1             |    9|          2|    1|          2|
    |B_24_we0             |    9|          2|    1|          2|
    |B_25_address0        |   14|          3|    9|         27|
    |B_25_ce0             |   14|          3|    1|          3|
    |B_25_ce1             |    9|          2|    1|          2|
    |B_25_we0             |    9|          2|    1|          2|
    |B_26_address0        |   14|          3|    9|         27|
    |B_26_ce0             |   14|          3|    1|          3|
    |B_26_ce1             |    9|          2|    1|          2|
    |B_26_we0             |    9|          2|    1|          2|
    |B_27_address0        |   14|          3|    9|         27|
    |B_27_ce0             |   14|          3|    1|          3|
    |B_27_ce1             |    9|          2|    1|          2|
    |B_27_we0             |    9|          2|    1|          2|
    |B_28_address0        |   14|          3|    9|         27|
    |B_28_ce0             |   14|          3|    1|          3|
    |B_28_ce1             |    9|          2|    1|          2|
    |B_28_we0             |    9|          2|    1|          2|
    |B_29_address0        |   14|          3|    9|         27|
    |B_29_ce0             |   14|          3|    1|          3|
    |B_29_ce1             |    9|          2|    1|          2|
    |B_29_we0             |    9|          2|    1|          2|
    |B_2_address0         |   14|          3|    9|         27|
    |B_2_ce0              |   14|          3|    1|          3|
    |B_2_ce1              |    9|          2|    1|          2|
    |B_2_we0              |    9|          2|    1|          2|
    |B_30_address0        |   14|          3|    9|         27|
    |B_30_ce0             |   14|          3|    1|          3|
    |B_30_ce1             |    9|          2|    1|          2|
    |B_30_we0             |    9|          2|    1|          2|
    |B_31_address0        |   14|          3|    9|         27|
    |B_31_ce0             |   14|          3|    1|          3|
    |B_31_ce1             |    9|          2|    1|          2|
    |B_31_we0             |    9|          2|    1|          2|
    |B_3_address0         |   14|          3|    9|         27|
    |B_3_ce0              |   14|          3|    1|          3|
    |B_3_ce1              |    9|          2|    1|          2|
    |B_3_we0              |    9|          2|    1|          2|
    |B_4_address0         |   14|          3|    9|         27|
    |B_4_ce0              |   14|          3|    1|          3|
    |B_4_ce1              |    9|          2|    1|          2|
    |B_4_we0              |    9|          2|    1|          2|
    |B_5_address0         |   14|          3|    9|         27|
    |B_5_ce0              |   14|          3|    1|          3|
    |B_5_ce1              |    9|          2|    1|          2|
    |B_5_we0              |    9|          2|    1|          2|
    |B_6_address0         |   14|          3|    9|         27|
    |B_6_ce0              |   14|          3|    1|          3|
    |B_6_ce1              |    9|          2|    1|          2|
    |B_6_we0              |    9|          2|    1|          2|
    |B_7_address0         |   14|          3|    9|         27|
    |B_7_ce0              |   14|          3|    1|          3|
    |B_7_ce1              |    9|          2|    1|          2|
    |B_7_we0              |    9|          2|    1|          2|
    |B_8_address0         |   14|          3|    9|         27|
    |B_8_ce0              |   14|          3|    1|          3|
    |B_8_ce1              |    9|          2|    1|          2|
    |B_8_we0              |    9|          2|    1|          2|
    |B_9_address0         |   14|          3|    9|         27|
    |B_9_ce0              |   14|          3|    1|          3|
    |B_9_ce1              |    9|          2|    1|          2|
    |B_9_we0              |    9|          2|    1|          2|
    |B_address0           |   14|          3|    9|         27|
    |B_ce0                |   14|          3|    1|          3|
    |B_ce1                |    9|          2|    1|          2|
    |B_we0                |    9|          2|    1|          2|
    |C_0_AWADDR           |   14|          3|   64|        192|
    |C_0_AWLEN            |   14|          3|   32|         96|
    |C_0_AWVALID          |   14|          3|    1|          3|
    |C_0_BREADY           |   14|          3|    1|          3|
    |C_0_WVALID           |    9|          2|    1|          2|
    |C_10_address0        |   14|          3|    9|         27|
    |C_10_address1        |   14|          3|    9|         27|
    |C_10_ce0             |   14|          3|    1|          3|
    |C_10_ce1             |   14|          3|    1|          3|
    |C_10_we0             |    9|          2|    1|          2|
    |C_10_we1             |    9|          2|    1|          2|
    |C_11_address0        |   14|          3|    9|         27|
    |C_11_address1        |   14|          3|    9|         27|
    |C_11_ce0             |   14|          3|    1|          3|
    |C_11_ce1             |   14|          3|    1|          3|
    |C_11_we0             |    9|          2|    1|          2|
    |C_11_we1             |    9|          2|    1|          2|
    |C_12_address0        |   14|          3|    9|         27|
    |C_12_address1        |   14|          3|    9|         27|
    |C_12_ce0             |   14|          3|    1|          3|
    |C_12_ce1             |   14|          3|    1|          3|
    |C_12_we0             |    9|          2|    1|          2|
    |C_12_we1             |    9|          2|    1|          2|
    |C_13_address0        |   14|          3|    9|         27|
    |C_13_address1        |   14|          3|    9|         27|
    |C_13_ce0             |   14|          3|    1|          3|
    |C_13_ce1             |   14|          3|    1|          3|
    |C_13_we0             |    9|          2|    1|          2|
    |C_13_we1             |    9|          2|    1|          2|
    |C_14_address0        |   14|          3|    9|         27|
    |C_14_address1        |   14|          3|    9|         27|
    |C_14_ce0             |   14|          3|    1|          3|
    |C_14_ce1             |   14|          3|    1|          3|
    |C_14_we0             |    9|          2|    1|          2|
    |C_14_we1             |    9|          2|    1|          2|
    |C_15_address0        |   14|          3|    9|         27|
    |C_15_address1        |   14|          3|    9|         27|
    |C_15_ce0             |   14|          3|    1|          3|
    |C_15_ce1             |   14|          3|    1|          3|
    |C_15_we0             |    9|          2|    1|          2|
    |C_15_we1             |    9|          2|    1|          2|
    |C_16_address0        |   14|          3|    9|         27|
    |C_16_address1        |   14|          3|    9|         27|
    |C_16_ce0             |   14|          3|    1|          3|
    |C_16_ce1             |   14|          3|    1|          3|
    |C_16_we0             |    9|          2|    1|          2|
    |C_16_we1             |    9|          2|    1|          2|
    |C_17_address0        |   14|          3|    9|         27|
    |C_17_address1        |   14|          3|    9|         27|
    |C_17_ce0             |   14|          3|    1|          3|
    |C_17_ce1             |   14|          3|    1|          3|
    |C_17_we0             |    9|          2|    1|          2|
    |C_17_we1             |    9|          2|    1|          2|
    |C_18_address0        |   14|          3|    9|         27|
    |C_18_address1        |   14|          3|    9|         27|
    |C_18_ce0             |   14|          3|    1|          3|
    |C_18_ce1             |   14|          3|    1|          3|
    |C_18_we0             |    9|          2|    1|          2|
    |C_18_we1             |    9|          2|    1|          2|
    |C_19_address0        |   14|          3|    9|         27|
    |C_19_address1        |   14|          3|    9|         27|
    |C_19_ce0             |   14|          3|    1|          3|
    |C_19_ce1             |   14|          3|    1|          3|
    |C_19_we0             |    9|          2|    1|          2|
    |C_19_we1             |    9|          2|    1|          2|
    |C_1_address0         |   14|          3|    9|         27|
    |C_1_address1         |   14|          3|    9|         27|
    |C_1_ce0              |   14|          3|    1|          3|
    |C_1_ce1              |   14|          3|    1|          3|
    |C_1_we0              |    9|          2|    1|          2|
    |C_1_we1              |    9|          2|    1|          2|
    |C_20_address0        |   14|          3|    9|         27|
    |C_20_address1        |   14|          3|    9|         27|
    |C_20_ce0             |   14|          3|    1|          3|
    |C_20_ce1             |   14|          3|    1|          3|
    |C_20_we0             |    9|          2|    1|          2|
    |C_20_we1             |    9|          2|    1|          2|
    |C_21_address0        |   14|          3|    9|         27|
    |C_21_address1        |   14|          3|    9|         27|
    |C_21_ce0             |   14|          3|    1|          3|
    |C_21_ce1             |   14|          3|    1|          3|
    |C_21_we0             |    9|          2|    1|          2|
    |C_21_we1             |    9|          2|    1|          2|
    |C_22_address0        |   14|          3|    9|         27|
    |C_22_address1        |   14|          3|    9|         27|
    |C_22_ce0             |   14|          3|    1|          3|
    |C_22_ce1             |   14|          3|    1|          3|
    |C_22_we0             |    9|          2|    1|          2|
    |C_22_we1             |    9|          2|    1|          2|
    |C_23_address0        |   14|          3|    9|         27|
    |C_23_address1        |   14|          3|    9|         27|
    |C_23_ce0             |   14|          3|    1|          3|
    |C_23_ce1             |   14|          3|    1|          3|
    |C_23_we0             |    9|          2|    1|          2|
    |C_23_we1             |    9|          2|    1|          2|
    |C_24_address0        |   14|          3|    9|         27|
    |C_24_address1        |   14|          3|    9|         27|
    |C_24_ce0             |   14|          3|    1|          3|
    |C_24_ce1             |   14|          3|    1|          3|
    |C_24_we0             |    9|          2|    1|          2|
    |C_24_we1             |    9|          2|    1|          2|
    |C_25_address0        |   14|          3|    9|         27|
    |C_25_address1        |   14|          3|    9|         27|
    |C_25_ce0             |   14|          3|    1|          3|
    |C_25_ce1             |   14|          3|    1|          3|
    |C_25_we0             |    9|          2|    1|          2|
    |C_25_we1             |    9|          2|    1|          2|
    |C_26_address0        |   14|          3|    9|         27|
    |C_26_address1        |   14|          3|    9|         27|
    |C_26_ce0             |   14|          3|    1|          3|
    |C_26_ce1             |   14|          3|    1|          3|
    |C_26_we0             |    9|          2|    1|          2|
    |C_26_we1             |    9|          2|    1|          2|
    |C_27_address0        |   14|          3|    9|         27|
    |C_27_address1        |   14|          3|    9|         27|
    |C_27_ce0             |   14|          3|    1|          3|
    |C_27_ce1             |   14|          3|    1|          3|
    |C_27_we0             |    9|          2|    1|          2|
    |C_27_we1             |    9|          2|    1|          2|
    |C_28_address0        |   14|          3|    9|         27|
    |C_28_address1        |   14|          3|    9|         27|
    |C_28_ce0             |   14|          3|    1|          3|
    |C_28_ce1             |   14|          3|    1|          3|
    |C_28_we0             |    9|          2|    1|          2|
    |C_28_we1             |    9|          2|    1|          2|
    |C_29_address0        |   14|          3|    9|         27|
    |C_29_address1        |   14|          3|    9|         27|
    |C_29_ce0             |   14|          3|    1|          3|
    |C_29_ce1             |   14|          3|    1|          3|
    |C_29_we0             |    9|          2|    1|          2|
    |C_29_we1             |    9|          2|    1|          2|
    |C_2_address0         |   14|          3|    9|         27|
    |C_2_address1         |   14|          3|    9|         27|
    |C_2_ce0              |   14|          3|    1|          3|
    |C_2_ce1              |   14|          3|    1|          3|
    |C_2_we0              |    9|          2|    1|          2|
    |C_2_we1              |    9|          2|    1|          2|
    |C_30_address0        |   14|          3|    9|         27|
    |C_30_address1        |   14|          3|    9|         27|
    |C_30_ce0             |   14|          3|    1|          3|
    |C_30_ce1             |   14|          3|    1|          3|
    |C_30_we0             |    9|          2|    1|          2|
    |C_30_we1             |    9|          2|    1|          2|
    |C_31_address0        |   14|          3|    9|         27|
    |C_31_address1        |   14|          3|    9|         27|
    |C_31_ce0             |   14|          3|    1|          3|
    |C_31_ce1             |   14|          3|    1|          3|
    |C_31_we0             |    9|          2|    1|          2|
    |C_31_we1             |    9|          2|    1|          2|
    |C_32_address0        |   14|          3|    9|         27|
    |C_32_address1        |   14|          3|    9|         27|
    |C_32_ce0             |   14|          3|    1|          3|
    |C_32_ce1             |   14|          3|    1|          3|
    |C_32_we0             |    9|          2|    1|          2|
    |C_32_we1             |    9|          2|    1|          2|
    |C_3_address0         |   14|          3|    9|         27|
    |C_3_address1         |   14|          3|    9|         27|
    |C_3_ce0              |   14|          3|    1|          3|
    |C_3_ce1              |   14|          3|    1|          3|
    |C_3_we0              |    9|          2|    1|          2|
    |C_3_we1              |    9|          2|    1|          2|
    |C_4_address0         |   14|          3|    9|         27|
    |C_4_address1         |   14|          3|    9|         27|
    |C_4_ce0              |   14|          3|    1|          3|
    |C_4_ce1              |   14|          3|    1|          3|
    |C_4_we0              |    9|          2|    1|          2|
    |C_4_we1              |    9|          2|    1|          2|
    |C_5_address0         |   14|          3|    9|         27|
    |C_5_address1         |   14|          3|    9|         27|
    |C_5_ce0              |   14|          3|    1|          3|
    |C_5_ce1              |   14|          3|    1|          3|
    |C_5_we0              |    9|          2|    1|          2|
    |C_5_we1              |    9|          2|    1|          2|
    |C_6_address0         |   14|          3|    9|         27|
    |C_6_address1         |   14|          3|    9|         27|
    |C_6_ce0              |   14|          3|    1|          3|
    |C_6_ce1              |   14|          3|    1|          3|
    |C_6_we0              |    9|          2|    1|          2|
    |C_6_we1              |    9|          2|    1|          2|
    |C_7_address0         |   14|          3|    9|         27|
    |C_7_address1         |   14|          3|    9|         27|
    |C_7_ce0              |   14|          3|    1|          3|
    |C_7_ce1              |   14|          3|    1|          3|
    |C_7_we0              |    9|          2|    1|          2|
    |C_7_we1              |    9|          2|    1|          2|
    |C_8_address0         |   14|          3|    9|         27|
    |C_8_address1         |   14|          3|    9|         27|
    |C_8_ce0              |   14|          3|    1|          3|
    |C_8_ce1              |   14|          3|    1|          3|
    |C_8_we0              |    9|          2|    1|          2|
    |C_8_we1              |    9|          2|    1|          2|
    |C_9_address0         |   14|          3|    9|         27|
    |C_9_address1         |   14|          3|    9|         27|
    |C_9_ce0              |   14|          3|    1|          3|
    |C_9_ce1              |   14|          3|    1|          3|
    |C_9_we0              |    9|          2|    1|          2|
    |C_9_we1              |    9|          2|    1|          2|
    |C_blk_n_AW           |    9|          2|    1|          2|
    |C_blk_n_B            |    9|          2|    1|          2|
    |ap_NS_fsm            |  123|         25|    1|         25|
    |col_sum_10_fu_956    |    9|          2|   24|         48|
    |col_sum_11_fu_960    |    9|          2|   24|         48|
    |col_sum_12_fu_964    |    9|          2|   24|         48|
    |col_sum_13_fu_968    |    9|          2|   24|         48|
    |col_sum_14_fu_972    |    9|          2|   24|         48|
    |col_sum_15_fu_976    |    9|          2|   24|         48|
    |col_sum_16_fu_980    |    9|          2|   24|         48|
    |col_sum_17_fu_984    |    9|          2|   24|         48|
    |col_sum_18_fu_988    |    9|          2|   24|         48|
    |col_sum_19_fu_992    |    9|          2|   24|         48|
    |col_sum_1_fu_920     |    9|          2|   24|         48|
    |col_sum_20_fu_996    |    9|          2|   24|         48|
    |col_sum_21_fu_1000   |    9|          2|   24|         48|
    |col_sum_22_fu_1004   |    9|          2|   24|         48|
    |col_sum_23_fu_1008   |    9|          2|   24|         48|
    |col_sum_24_fu_1012   |    9|          2|   24|         48|
    |col_sum_25_fu_1016   |    9|          2|   24|         48|
    |col_sum_26_fu_1020   |    9|          2|   24|         48|
    |col_sum_27_fu_1024   |    9|          2|   24|         48|
    |col_sum_28_fu_1028   |    9|          2|   24|         48|
    |col_sum_29_fu_1032   |    9|          2|   24|         48|
    |col_sum_2_fu_924     |    9|          2|   24|         48|
    |col_sum_30_fu_1036   |    9|          2|   24|         48|
    |col_sum_31_fu_1040   |    9|          2|   24|         48|
    |col_sum_32_fu_1044   |    9|          2|   24|         48|
    |col_sum_33_fu_1048   |    9|          2|   24|         48|
    |col_sum_34_fu_1052   |    9|          2|   24|         48|
    |col_sum_35_fu_1056   |    9|          2|   24|         48|
    |col_sum_36_fu_1060   |    9|          2|   24|         48|
    |col_sum_37_fu_1064   |    9|          2|   24|         48|
    |col_sum_38_fu_1068   |    9|          2|   24|         48|
    |col_sum_39_fu_1072   |    9|          2|   24|         48|
    |col_sum_3_fu_928     |    9|          2|   24|         48|
    |col_sum_40_fu_1076   |    9|          2|   24|         48|
    |col_sum_41_fu_1080   |    9|          2|   24|         48|
    |col_sum_42_fu_1084   |    9|          2|   24|         48|
    |col_sum_43_fu_1088   |    9|          2|   24|         48|
    |col_sum_44_fu_1092   |    9|          2|   24|         48|
    |col_sum_45_fu_1096   |    9|          2|   24|         48|
    |col_sum_46_fu_1100   |    9|          2|   24|         48|
    |col_sum_47_fu_1104   |    9|          2|   24|         48|
    |col_sum_48_fu_1108   |    9|          2|   24|         48|
    |col_sum_49_fu_1112   |    9|          2|   24|         48|
    |col_sum_4_fu_932     |    9|          2|   24|         48|
    |col_sum_50_fu_1116   |    9|          2|   24|         48|
    |col_sum_51_fu_1120   |    9|          2|   24|         48|
    |col_sum_52_fu_1124   |    9|          2|   24|         48|
    |col_sum_53_fu_1128   |    9|          2|   24|         48|
    |col_sum_54_fu_1132   |    9|          2|   24|         48|
    |col_sum_55_fu_1136   |    9|          2|   24|         48|
    |col_sum_56_fu_1140   |    9|          2|   24|         48|
    |col_sum_57_fu_1144   |    9|          2|   24|         48|
    |col_sum_58_fu_1148   |    9|          2|   24|         48|
    |col_sum_59_fu_1152   |    9|          2|   24|         48|
    |col_sum_5_fu_936     |    9|          2|   24|         48|
    |col_sum_60_fu_1156   |    9|          2|   24|         48|
    |col_sum_61_fu_1160   |    9|          2|   24|         48|
    |col_sum_62_fu_1164   |    9|          2|   24|         48|
    |col_sum_63_fu_1168   |    9|          2|   24|         48|
    |col_sum_6_fu_940     |    9|          2|   24|         48|
    |col_sum_7_fu_944     |    9|          2|   24|         48|
    |col_sum_8_fu_948     |    9|          2|   24|         48|
    |col_sum_9_fu_952     |    9|          2|   24|         48|
    |col_sum_fu_916       |    9|          2|   24|         48|
    |i_1_fu_620           |    9|          2|    9|         18|
    |row_sum_100_fu_1572  |    9|          2|   24|         48|
    |row_sum_101_fu_1576  |    9|          2|   24|         48|
    |row_sum_102_fu_1580  |    9|          2|   24|         48|
    |row_sum_103_fu_1584  |    9|          2|   24|         48|
    |row_sum_104_fu_1588  |    9|          2|   24|         48|
    |row_sum_105_fu_1592  |    9|          2|   24|         48|
    |row_sum_106_fu_1596  |    9|          2|   24|         48|
    |row_sum_107_fu_1600  |    9|          2|   24|         48|
    |row_sum_108_fu_1604  |    9|          2|   24|         48|
    |row_sum_109_fu_1608  |    9|          2|   24|         48|
    |row_sum_10_fu_1212   |    9|          2|   24|         48|
    |row_sum_110_fu_1612  |    9|          2|   24|         48|
    |row_sum_111_fu_1616  |    9|          2|   24|         48|
    |row_sum_112_fu_1620  |    9|          2|   24|         48|
    |row_sum_113_fu_1624  |    9|          2|   24|         48|
    |row_sum_114_fu_1628  |    9|          2|   24|         48|
    |row_sum_115_fu_1632  |    9|          2|   24|         48|
    |row_sum_116_fu_1636  |    9|          2|   24|         48|
    |row_sum_117_fu_1640  |    9|          2|   24|         48|
    |row_sum_118_fu_1644  |    9|          2|   24|         48|
    |row_sum_119_fu_1648  |    9|          2|   24|         48|
    |row_sum_11_fu_1216   |    9|          2|   24|         48|
    |row_sum_120_fu_1652  |    9|          2|   24|         48|
    |row_sum_121_fu_1656  |    9|          2|   24|         48|
    |row_sum_122_fu_1660  |    9|          2|   24|         48|
    |row_sum_123_fu_1664  |    9|          2|   24|         48|
    |row_sum_124_fu_1668  |    9|          2|   24|         48|
    |row_sum_125_fu_1672  |    9|          2|   24|         48|
    |row_sum_126_fu_1676  |    9|          2|   24|         48|
    |row_sum_127_fu_1680  |    9|          2|   24|         48|
    |row_sum_128_fu_1684  |    9|          2|   24|         48|
    |row_sum_129_fu_1688  |    9|          2|   24|         48|
    |row_sum_12_fu_1220   |    9|          2|   24|         48|
    |row_sum_130_fu_1692  |    9|          2|   24|         48|
    |row_sum_131_fu_1696  |    9|          2|   24|         48|
    |row_sum_132_fu_1700  |    9|          2|   24|         48|
    |row_sum_133_fu_1704  |    9|          2|   24|         48|
    |row_sum_134_fu_1708  |    9|          2|   24|         48|
    |row_sum_135_fu_1712  |    9|          2|   24|         48|
    |row_sum_136_fu_1716  |    9|          2|   24|         48|
    |row_sum_137_fu_1720  |    9|          2|   24|         48|
    |row_sum_138_fu_1724  |    9|          2|   24|         48|
    |row_sum_139_fu_1728  |    9|          2|   24|         48|
    |row_sum_13_fu_1224   |    9|          2|   24|         48|
    |row_sum_140_fu_1732  |    9|          2|   24|         48|
    |row_sum_141_fu_1736  |    9|          2|   24|         48|
    |row_sum_142_fu_1740  |    9|          2|   24|         48|
    |row_sum_143_fu_1744  |    9|          2|   24|         48|
    |row_sum_144_fu_1748  |    9|          2|   24|         48|
    |row_sum_145_fu_1752  |    9|          2|   24|         48|
    |row_sum_146_fu_1756  |    9|          2|   24|         48|
    |row_sum_147_fu_1760  |    9|          2|   24|         48|
    |row_sum_148_fu_1764  |    9|          2|   24|         48|
    |row_sum_149_fu_1768  |    9|          2|   24|         48|
    |row_sum_14_fu_1228   |    9|          2|   24|         48|
    |row_sum_150_fu_1772  |    9|          2|   24|         48|
    |row_sum_151_fu_1776  |    9|          2|   24|         48|
    |row_sum_152_fu_1780  |    9|          2|   24|         48|
    |row_sum_153_fu_1784  |    9|          2|   24|         48|
    |row_sum_154_fu_1788  |    9|          2|   24|         48|
    |row_sum_155_fu_1792  |    9|          2|   24|         48|
    |row_sum_156_fu_1796  |    9|          2|   24|         48|
    |row_sum_157_fu_1800  |    9|          2|   24|         48|
    |row_sum_158_fu_1804  |    9|          2|   24|         48|
    |row_sum_159_fu_1808  |    9|          2|   24|         48|
    |row_sum_15_fu_1232   |    9|          2|   24|         48|
    |row_sum_160_fu_1812  |    9|          2|   24|         48|
    |row_sum_161_fu_1816  |    9|          2|   24|         48|
    |row_sum_162_fu_1820  |    9|          2|   24|         48|
    |row_sum_163_fu_1824  |    9|          2|   24|         48|
    |row_sum_164_fu_1828  |    9|          2|   24|         48|
    |row_sum_165_fu_1832  |    9|          2|   24|         48|
    |row_sum_166_fu_1836  |    9|          2|   24|         48|
    |row_sum_167_fu_1840  |    9|          2|   24|         48|
    |row_sum_168_fu_1844  |    9|          2|   24|         48|
    |row_sum_169_fu_1848  |    9|          2|   24|         48|
    |row_sum_16_fu_1236   |    9|          2|   24|         48|
    |row_sum_170_fu_1852  |    9|          2|   24|         48|
    |row_sum_171_fu_1856  |    9|          2|   24|         48|
    |row_sum_172_fu_1860  |    9|          2|   24|         48|
    |row_sum_173_fu_1864  |    9|          2|   24|         48|
    |row_sum_174_fu_1868  |    9|          2|   24|         48|
    |row_sum_175_fu_1872  |    9|          2|   24|         48|
    |row_sum_176_fu_1876  |    9|          2|   24|         48|
    |row_sum_177_fu_1880  |    9|          2|   24|         48|
    |row_sum_178_fu_1884  |    9|          2|   24|         48|
    |row_sum_179_fu_1888  |    9|          2|   24|         48|
    |row_sum_17_fu_1240   |    9|          2|   24|         48|
    |row_sum_180_fu_1892  |    9|          2|   24|         48|
    |row_sum_181_fu_1896  |    9|          2|   24|         48|
    |row_sum_182_fu_1900  |    9|          2|   24|         48|
    |row_sum_183_fu_1904  |    9|          2|   24|         48|
    |row_sum_184_fu_1908  |    9|          2|   24|         48|
    |row_sum_185_fu_1912  |    9|          2|   24|         48|
    |row_sum_186_fu_1916  |    9|          2|   24|         48|
    |row_sum_187_fu_1920  |    9|          2|   24|         48|
    |row_sum_188_fu_1924  |    9|          2|   24|         48|
    |row_sum_189_fu_1928  |    9|          2|   24|         48|
    |row_sum_18_fu_1244   |    9|          2|   24|         48|
    |row_sum_190_fu_1932  |    9|          2|   24|         48|
    |row_sum_191_fu_1936  |    9|          2|   24|         48|
    |row_sum_192_fu_1940  |    9|          2|   24|         48|
    |row_sum_193_fu_1944  |    9|          2|   24|         48|
    |row_sum_194_fu_1948  |    9|          2|   24|         48|
    |row_sum_195_fu_1952  |    9|          2|   24|         48|
    |row_sum_196_fu_1956  |    9|          2|   24|         48|
    |row_sum_197_fu_1960  |    9|          2|   24|         48|
    |row_sum_198_fu_1964  |    9|          2|   24|         48|
    |row_sum_199_fu_1968  |    9|          2|   24|         48|
    |row_sum_19_fu_1248   |    9|          2|   24|         48|
    |row_sum_1_fu_1176    |    9|          2|   24|         48|
    |row_sum_200_fu_1972  |    9|          2|   24|         48|
    |row_sum_201_fu_1976  |    9|          2|   24|         48|
    |row_sum_202_fu_1980  |    9|          2|   24|         48|
    |row_sum_203_fu_1984  |    9|          2|   24|         48|
    |row_sum_204_fu_1988  |    9|          2|   24|         48|
    |row_sum_205_fu_1992  |    9|          2|   24|         48|
    |row_sum_206_fu_1996  |    9|          2|   24|         48|
    |row_sum_207_fu_2000  |    9|          2|   24|         48|
    |row_sum_208_fu_2004  |    9|          2|   24|         48|
    |row_sum_209_fu_2008  |    9|          2|   24|         48|
    |row_sum_20_fu_1252   |    9|          2|   24|         48|
    |row_sum_210_fu_2012  |    9|          2|   24|         48|
    |row_sum_211_fu_2016  |    9|          2|   24|         48|
    |row_sum_212_fu_2020  |    9|          2|   24|         48|
    |row_sum_213_fu_2024  |    9|          2|   24|         48|
    |row_sum_214_fu_2028  |    9|          2|   24|         48|
    |row_sum_215_fu_2032  |    9|          2|   24|         48|
    |row_sum_216_fu_2036  |    9|          2|   24|         48|
    |row_sum_217_fu_2040  |    9|          2|   24|         48|
    |row_sum_218_fu_2044  |    9|          2|   24|         48|
    |row_sum_219_fu_2048  |    9|          2|   24|         48|
    |row_sum_21_fu_1256   |    9|          2|   24|         48|
    |row_sum_220_fu_2052  |    9|          2|   24|         48|
    |row_sum_221_fu_2056  |    9|          2|   24|         48|
    |row_sum_222_fu_2060  |    9|          2|   24|         48|
    |row_sum_223_fu_2064  |    9|          2|   24|         48|
    |row_sum_224_fu_2068  |    9|          2|   24|         48|
    |row_sum_225_fu_2072  |    9|          2|   24|         48|
    |row_sum_226_fu_2076  |    9|          2|   24|         48|
    |row_sum_227_fu_2080  |    9|          2|   24|         48|
    |row_sum_228_fu_2084  |    9|          2|   24|         48|
    |row_sum_229_fu_2088  |    9|          2|   24|         48|
    |row_sum_22_fu_1260   |    9|          2|   24|         48|
    |row_sum_230_fu_2092  |    9|          2|   24|         48|
    |row_sum_231_fu_2096  |    9|          2|   24|         48|
    |row_sum_232_fu_2100  |    9|          2|   24|         48|
    |row_sum_233_fu_2104  |    9|          2|   24|         48|
    |row_sum_234_fu_2108  |    9|          2|   24|         48|
    |row_sum_235_fu_2112  |    9|          2|   24|         48|
    |row_sum_236_fu_2116  |    9|          2|   24|         48|
    |row_sum_237_fu_2120  |    9|          2|   24|         48|
    |row_sum_238_fu_2124  |    9|          2|   24|         48|
    |row_sum_239_fu_2128  |    9|          2|   24|         48|
    |row_sum_23_fu_1264   |    9|          2|   24|         48|
    |row_sum_240_fu_2132  |    9|          2|   24|         48|
    |row_sum_241_fu_2136  |    9|          2|   24|         48|
    |row_sum_242_fu_2140  |    9|          2|   24|         48|
    |row_sum_243_fu_2144  |    9|          2|   24|         48|
    |row_sum_244_fu_2148  |    9|          2|   24|         48|
    |row_sum_245_fu_2152  |    9|          2|   24|         48|
    |row_sum_246_fu_2156  |    9|          2|   24|         48|
    |row_sum_247_fu_2160  |    9|          2|   24|         48|
    |row_sum_248_fu_2164  |    9|          2|   24|         48|
    |row_sum_249_fu_2168  |    9|          2|   24|         48|
    |row_sum_24_fu_1268   |    9|          2|   24|         48|
    |row_sum_250_fu_2172  |    9|          2|   24|         48|
    |row_sum_251_fu_2176  |    9|          2|   24|         48|
    |row_sum_252_fu_2180  |    9|          2|   24|         48|
    |row_sum_253_fu_2184  |    9|          2|   24|         48|
    |row_sum_254_fu_2188  |    9|          2|   24|         48|
    |row_sum_255_fu_2192  |    9|          2|   24|         48|
    |row_sum_25_fu_1272   |    9|          2|   24|         48|
    |row_sum_26_fu_1276   |    9|          2|   24|         48|
    |row_sum_27_fu_1280   |    9|          2|   24|         48|
    |row_sum_28_fu_1284   |    9|          2|   24|         48|
    |row_sum_29_fu_1288   |    9|          2|   24|         48|
    |row_sum_2_fu_1180    |    9|          2|   24|         48|
    |row_sum_30_fu_1292   |    9|          2|   24|         48|
    |row_sum_31_fu_1296   |    9|          2|   24|         48|
    |row_sum_32_fu_1300   |    9|          2|   24|         48|
    |row_sum_33_fu_1304   |    9|          2|   24|         48|
    |row_sum_34_fu_1308   |    9|          2|   24|         48|
    |row_sum_35_fu_1312   |    9|          2|   24|         48|
    |row_sum_36_fu_1316   |    9|          2|   24|         48|
    |row_sum_37_fu_1320   |    9|          2|   24|         48|
    |row_sum_38_fu_1324   |    9|          2|   24|         48|
    |row_sum_39_fu_1328   |    9|          2|   24|         48|
    |row_sum_3_fu_1184    |    9|          2|   24|         48|
    |row_sum_40_fu_1332   |    9|          2|   24|         48|
    |row_sum_41_fu_1336   |    9|          2|   24|         48|
    |row_sum_42_fu_1340   |    9|          2|   24|         48|
    |row_sum_43_fu_1344   |    9|          2|   24|         48|
    |row_sum_44_fu_1348   |    9|          2|   24|         48|
    |row_sum_45_fu_1352   |    9|          2|   24|         48|
    |row_sum_46_fu_1356   |    9|          2|   24|         48|
    |row_sum_47_fu_1360   |    9|          2|   24|         48|
    |row_sum_48_fu_1364   |    9|          2|   24|         48|
    |row_sum_49_fu_1368   |    9|          2|   24|         48|
    |row_sum_4_fu_1188    |    9|          2|   24|         48|
    |row_sum_50_fu_1372   |    9|          2|   24|         48|
    |row_sum_51_fu_1376   |    9|          2|   24|         48|
    |row_sum_52_fu_1380   |    9|          2|   24|         48|
    |row_sum_53_fu_1384   |    9|          2|   24|         48|
    |row_sum_54_fu_1388   |    9|          2|   24|         48|
    |row_sum_55_fu_1392   |    9|          2|   24|         48|
    |row_sum_56_fu_1396   |    9|          2|   24|         48|
    |row_sum_57_fu_1400   |    9|          2|   24|         48|
    |row_sum_58_fu_1404   |    9|          2|   24|         48|
    |row_sum_59_fu_1408   |    9|          2|   24|         48|
    |row_sum_5_fu_1192    |    9|          2|   24|         48|
    |row_sum_60_fu_1412   |    9|          2|   24|         48|
    |row_sum_61_fu_1416   |    9|          2|   24|         48|
    |row_sum_62_fu_1420   |    9|          2|   24|         48|
    |row_sum_63_fu_1424   |    9|          2|   24|         48|
    |row_sum_64_fu_1428   |    9|          2|   24|         48|
    |row_sum_65_fu_1432   |    9|          2|   24|         48|
    |row_sum_66_fu_1436   |    9|          2|   24|         48|
    |row_sum_67_fu_1440   |    9|          2|   24|         48|
    |row_sum_68_fu_1444   |    9|          2|   24|         48|
    |row_sum_69_fu_1448   |    9|          2|   24|         48|
    |row_sum_6_fu_1196    |    9|          2|   24|         48|
    |row_sum_70_fu_1452   |    9|          2|   24|         48|
    |row_sum_71_fu_1456   |    9|          2|   24|         48|
    |row_sum_72_fu_1460   |    9|          2|   24|         48|
    |row_sum_73_fu_1464   |    9|          2|   24|         48|
    |row_sum_74_fu_1468   |    9|          2|   24|         48|
    |row_sum_75_fu_1472   |    9|          2|   24|         48|
    |row_sum_76_fu_1476   |    9|          2|   24|         48|
    |row_sum_77_fu_1480   |    9|          2|   24|         48|
    |row_sum_78_fu_1484   |    9|          2|   24|         48|
    |row_sum_79_fu_1488   |    9|          2|   24|         48|
    |row_sum_7_fu_1200    |    9|          2|   24|         48|
    |row_sum_80_fu_1492   |    9|          2|   24|         48|
    |row_sum_81_fu_1496   |    9|          2|   24|         48|
    |row_sum_82_fu_1500   |    9|          2|   24|         48|
    |row_sum_83_fu_1504   |    9|          2|   24|         48|
    |row_sum_84_fu_1508   |    9|          2|   24|         48|
    |row_sum_85_fu_1512   |    9|          2|   24|         48|
    |row_sum_86_fu_1516   |    9|          2|   24|         48|
    |row_sum_87_fu_1520   |    9|          2|   24|         48|
    |row_sum_88_fu_1524   |    9|          2|   24|         48|
    |row_sum_89_fu_1528   |    9|          2|   24|         48|
    |row_sum_8_fu_1204    |    9|          2|   24|         48|
    |row_sum_90_fu_1532   |    9|          2|   24|         48|
    |row_sum_91_fu_1536   |    9|          2|   24|         48|
    |row_sum_92_fu_1540   |    9|          2|   24|         48|
    |row_sum_93_fu_1544   |    9|          2|   24|         48|
    |row_sum_94_fu_1548   |    9|          2|   24|         48|
    |row_sum_95_fu_1552   |    9|          2|   24|         48|
    |row_sum_96_fu_1556   |    9|          2|   24|         48|
    |row_sum_97_fu_1560   |    9|          2|   24|         48|
    |row_sum_98_fu_1564   |    9|          2|   24|         48|
    |row_sum_99_fu_1568   |    9|          2|   24|         48|
    |row_sum_9_fu_1208    |    9|          2|   24|         48|
    |row_sum_fu_1172      |    9|          2|   24|         48|
    +---------------------+-----+-----------+-----+-----------+
    |Total                | 7387|       1610| 9082|      19534|
    +---------------------+-----+-----------+-----+-----------+

    * Register: 
    +--------------------------------------------------------------------------------+----+----+-----+-----------+
    |                                      Name                                      | FF | LUT| Bits| Const Bits|
    +--------------------------------------------------------------------------------+----+----+-----+-----------+
    |C_DRAM_read_reg_8135                                                            |  64|   0|   64|          0|
    |add_ln47_reg_10400                                                              |   9|   0|    9|          0|
    |ap_CS_fsm                                                                       |  24|   0|   24|          0|
    |ap_predicate_pred3608_state14                                                   |   1|   0|    1|          0|
    |ap_predicate_pred3619_state14                                                   |   1|   0|    1|          0|
    |ap_predicate_pred3627_state14                                                   |   1|   0|    1|          0|
    |ap_predicate_pred3635_state14                                                   |   1|   0|    1|          0|
    |ap_predicate_pred3643_state14                                                   |   1|   0|    1|          0|
    |ap_predicate_pred3651_state14                                                   |   1|   0|    1|          0|
    |ap_predicate_pred3659_state14                                                   |   1|   0|    1|          0|
    |ap_predicate_pred3667_state14                                                   |   1|   0|    1|          0|
    |ap_predicate_pred3675_state14                                                   |   1|   0|    1|          0|
    |ap_predicate_pred3683_state14                                                   |   1|   0|    1|          0|
    |ap_predicate_pred3691_state14                                                   |   1|   0|    1|          0|
    |ap_predicate_pred3699_state14                                                   |   1|   0|    1|          0|
    |ap_predicate_pred3707_state14                                                   |   1|   0|    1|          0|
    |ap_predicate_pred3715_state14                                                   |   1|   0|    1|          0|
    |ap_predicate_pred3723_state14                                                   |   1|   0|    1|          0|
    |ap_predicate_pred3731_state14                                                   |   1|   0|    1|          0|
    |ap_predicate_pred3739_state14                                                   |   1|   0|    1|          0|
    |ap_predicate_pred3747_state14                                                   |   1|   0|    1|          0|
    |ap_predicate_pred3755_state14                                                   |   1|   0|    1|          0|
    |ap_predicate_pred3763_state14                                                   |   1|   0|    1|          0|
    |ap_predicate_pred3771_state14                                                   |   1|   0|    1|          0|
    |ap_predicate_pred3779_state14                                                   |   1|   0|    1|          0|
    |ap_predicate_pred3787_state14                                                   |   1|   0|    1|          0|
    |ap_predicate_pred3795_state14                                                   |   1|   0|    1|          0|
    |ap_predicate_pred3803_state14                                                   |   1|   0|    1|          0|
    |ap_predicate_pred3811_state14                                                   |   1|   0|    1|          0|
    |ap_predicate_pred3819_state14                                                   |   1|   0|    1|          0|
    |ap_predicate_pred3827_state14                                                   |   1|   0|    1|          0|
    |ap_predicate_pred3835_state14                                                   |   1|   0|    1|          0|
    |ap_predicate_pred3843_state14                                                   |   1|   0|    1|          0|
    |ap_predicate_pred3851_state14                                                   |   1|   0|    1|          0|
    |ap_predicate_pred3859_state14                                                   |   1|   0|    1|          0|
    |ap_predicate_pred3867_state14                                                   |   1|   0|    1|          0|
    |ap_predicate_pred3875_state14                                                   |   1|   0|    1|          0|
    |ap_predicate_pred3883_state14                                                   |   1|   0|    1|          0|
    |ap_predicate_pred3891_state14                                                   |   1|   0|    1|          0|
    |ap_predicate_pred3899_state14                                                   |   1|   0|    1|          0|
    |ap_predicate_pred3907_state14                                                   |   1|   0|    1|          0|
    |ap_predicate_pred3915_state14                                                   |   1|   0|    1|          0|
    |ap_predicate_pred3923_state14                                                   |   1|   0|    1|          0|
    |ap_predicate_pred3931_state14                                                   |   1|   0|    1|          0|
    |ap_predicate_pred3939_state14                                                   |   1|   0|    1|          0|
    |ap_predicate_pred3947_state14                                                   |   1|   0|    1|          0|
    |ap_predicate_pred3955_state14                                                   |   1|   0|    1|          0|
    |ap_predicate_pred3963_state14                                                   |   1|   0|    1|          0|
    |ap_predicate_pred3971_state14                                                   |   1|   0|    1|          0|
    |ap_predicate_pred3979_state14                                                   |   1|   0|    1|          0|
    |ap_predicate_pred3987_state14                                                   |   1|   0|    1|          0|
    |ap_predicate_pred3995_state14                                                   |   1|   0|    1|          0|
    |ap_predicate_pred4003_state14                                                   |   1|   0|    1|          0|
    |ap_predicate_pred4011_state14                                                   |   1|   0|    1|          0|
    |ap_predicate_pred4019_state14                                                   |   1|   0|    1|          0|
    |ap_predicate_pred4027_state14                                                   |   1|   0|    1|          0|
    |ap_predicate_pred4035_state14                                                   |   1|   0|    1|          0|
    |ap_predicate_pred4043_state14                                                   |   1|   0|    1|          0|
    |ap_predicate_pred4051_state14                                                   |   1|   0|    1|          0|
    |ap_predicate_pred4059_state14                                                   |   1|   0|    1|          0|
    |ap_predicate_pred4067_state14                                                   |   1|   0|    1|          0|
    |ap_predicate_pred4075_state14                                                   |   1|   0|    1|          0|
    |ap_predicate_pred4083_state14                                                   |   1|   0|    1|          0|
    |ap_predicate_pred4091_state14                                                   |   1|   0|    1|          0|
    |ap_predicate_pred4099_state14                                                   |   1|   0|    1|          0|
    |ap_predicate_pred4107_state14                                                   |   1|   0|    1|          0|
    |ap_predicate_pred4115_state14                                                   |   1|   0|    1|          0|
    |ap_predicate_pred4123_state14                                                   |   1|   0|    1|          0|
    |ap_predicate_pred4131_state14                                                   |   1|   0|    1|          0|
    |ap_predicate_pred4139_state14                                                   |   1|   0|    1|          0|
    |ap_predicate_pred4147_state14                                                   |   1|   0|    1|          0|
    |ap_predicate_pred4155_state14                                                   |   1|   0|    1|          0|
    |ap_predicate_pred4163_state14                                                   |   1|   0|    1|          0|
    |ap_predicate_pred4171_state14                                                   |   1|   0|    1|          0|
    |ap_predicate_pred4179_state14                                                   |   1|   0|    1|          0|
    |ap_predicate_pred4187_state14                                                   |   1|   0|    1|          0|
    |ap_predicate_pred4195_state14                                                   |   1|   0|    1|          0|
    |ap_predicate_pred4203_state14                                                   |   1|   0|    1|          0|
    |ap_predicate_pred4211_state14                                                   |   1|   0|    1|          0|
    |ap_predicate_pred4219_state14                                                   |   1|   0|    1|          0|
    |ap_predicate_pred4227_state14                                                   |   1|   0|    1|          0|
    |ap_predicate_pred4235_state14                                                   |   1|   0|    1|          0|
    |ap_predicate_pred4243_state14                                                   |   1|   0|    1|          0|
    |ap_predicate_pred4251_state14                                                   |   1|   0|    1|          0|
    |ap_predicate_pred4259_state14                                                   |   1|   0|    1|          0|
    |ap_predicate_pred4267_state14                                                   |   1|   0|    1|          0|
    |ap_predicate_pred4275_state14                                                   |   1|   0|    1|          0|
    |ap_predicate_pred4283_state14                                                   |   1|   0|    1|          0|
    |ap_predicate_pred4291_state14                                                   |   1|   0|    1|          0|
    |ap_predicate_pred4299_state14                                                   |   1|   0|    1|          0|
    |ap_predicate_pred4307_state14                                                   |   1|   0|    1|          0|
    |ap_predicate_pred4315_state14                                                   |   1|   0|    1|          0|
    |ap_predicate_pred4323_state14                                                   |   1|   0|    1|          0|
    |ap_predicate_pred4331_state14                                                   |   1|   0|    1|          0|
    |ap_predicate_pred4339_state14                                                   |   1|   0|    1|          0|
    |ap_predicate_pred4347_state14                                                   |   1|   0|    1|          0|
    |ap_predicate_pred4355_state14                                                   |   1|   0|    1|          0|
    |ap_predicate_pred4363_state14                                                   |   1|   0|    1|          0|
    |ap_predicate_pred4371_state14                                                   |   1|   0|    1|          0|
    |ap_predicate_pred4379_state14                                                   |   1|   0|    1|          0|
    |ap_predicate_pred4387_state14                                                   |   1|   0|    1|          0|
    |ap_predicate_pred4395_state14                                                   |   1|   0|    1|          0|
    |ap_predicate_pred4403_state14                                                   |   1|   0|    1|          0|
    |ap_predicate_pred4411_state14                                                   |   1|   0|    1|          0|
    |ap_predicate_pred4419_state14                                                   |   1|   0|    1|          0|
    |ap_predicate_pred4427_state14                                                   |   1|   0|    1|          0|
    |ap_predicate_pred4435_state14                                                   |   1|   0|    1|          0|
    |ap_predicate_pred4443_state14                                                   |   1|   0|    1|          0|
    |ap_predicate_pred4451_state14                                                   |   1|   0|    1|          0|
    |ap_predicate_pred4459_state14                                                   |   1|   0|    1|          0|
    |ap_predicate_pred4467_state14                                                   |   1|   0|    1|          0|
    |ap_predicate_pred4475_state14                                                   |   1|   0|    1|          0|
    |ap_predicate_pred4483_state14                                                   |   1|   0|    1|          0|
    |ap_predicate_pred4491_state14                                                   |   1|   0|    1|          0|
    |ap_predicate_pred4499_state14                                                   |   1|   0|    1|          0|
    |ap_predicate_pred4507_state14                                                   |   1|   0|    1|          0|
    |ap_predicate_pred4515_state14                                                   |   1|   0|    1|          0|
    |ap_predicate_pred4523_state14                                                   |   1|   0|    1|          0|
    |ap_predicate_pred4531_state14                                                   |   1|   0|    1|          0|
    |ap_predicate_pred4539_state14                                                   |   1|   0|    1|          0|
    |ap_predicate_pred4547_state14                                                   |   1|   0|    1|          0|
    |ap_predicate_pred4555_state14                                                   |   1|   0|    1|          0|
    |ap_predicate_pred4563_state14                                                   |   1|   0|    1|          0|
    |ap_predicate_pred4571_state14                                                   |   1|   0|    1|          0|
    |ap_predicate_pred4579_state14                                                   |   1|   0|    1|          0|
    |ap_predicate_pred4587_state14                                                   |   1|   0|    1|          0|
    |ap_predicate_pred4595_state14                                                   |   1|   0|    1|          0|
    |ap_predicate_pred4603_state14                                                   |   1|   0|    1|          0|
    |ap_predicate_pred4611_state14                                                   |   1|   0|    1|          0|
    |ap_predicate_pred4619_state14                                                   |   1|   0|    1|          0|
    |ap_predicate_pred4627_state14                                                   |   1|   0|    1|          0|
    |ap_predicate_pred4635_state14                                                   |   1|   0|    1|          0|
    |ap_predicate_pred4643_state14                                                   |   1|   0|    1|          0|
    |ap_predicate_pred4651_state14                                                   |   1|   0|    1|          0|
    |ap_predicate_pred4659_state14                                                   |   1|   0|    1|          0|
    |ap_predicate_pred4667_state14                                                   |   1|   0|    1|          0|
    |ap_predicate_pred4675_state14                                                   |   1|   0|    1|          0|
    |ap_predicate_pred4683_state14                                                   |   1|   0|    1|          0|
    |ap_predicate_pred4691_state14                                                   |   1|   0|    1|          0|
    |ap_predicate_pred4699_state14                                                   |   1|   0|    1|          0|
    |ap_predicate_pred4707_state14                                                   |   1|   0|    1|          0|
    |ap_predicate_pred4715_state14                                                   |   1|   0|    1|          0|
    |ap_predicate_pred4723_state14                                                   |   1|   0|    1|          0|
    |ap_predicate_pred4731_state14                                                   |   1|   0|    1|          0|
    |ap_predicate_pred4739_state14                                                   |   1|   0|    1|          0|
    |ap_predicate_pred4747_state14                                                   |   1|   0|    1|          0|
    |ap_predicate_pred4755_state14                                                   |   1|   0|    1|          0|
    |ap_predicate_pred4763_state14                                                   |   1|   0|    1|          0|
    |ap_predicate_pred4771_state14                                                   |   1|   0|    1|          0|
    |ap_predicate_pred4779_state14                                                   |   1|   0|    1|          0|
    |ap_predicate_pred4787_state14                                                   |   1|   0|    1|          0|
    |ap_predicate_pred4795_state14                                                   |   1|   0|    1|          0|
    |ap_predicate_pred4803_state14                                                   |   1|   0|    1|          0|
    |ap_predicate_pred4811_state14                                                   |   1|   0|    1|          0|
    |ap_predicate_pred4819_state14                                                   |   1|   0|    1|          0|
    |ap_predicate_pred4827_state14                                                   |   1|   0|    1|          0|
    |ap_predicate_pred4835_state14                                                   |   1|   0|    1|          0|
    |ap_predicate_pred4843_state14                                                   |   1|   0|    1|          0|
    |ap_predicate_pred4851_state14                                                   |   1|   0|    1|          0|
    |ap_predicate_pred4859_state14                                                   |   1|   0|    1|          0|
    |ap_predicate_pred4867_state14                                                   |   1|   0|    1|          0|
    |ap_predicate_pred4875_state14                                                   |   1|   0|    1|          0|
    |ap_predicate_pred4883_state14                                                   |   1|   0|    1|          0|
    |ap_predicate_pred4891_state14                                                   |   1|   0|    1|          0|
    |ap_predicate_pred4899_state14                                                   |   1|   0|    1|          0|
    |ap_predicate_pred4907_state14                                                   |   1|   0|    1|          0|
    |ap_predicate_pred4915_state14                                                   |   1|   0|    1|          0|
    |ap_predicate_pred4923_state14                                                   |   1|   0|    1|          0|
    |ap_predicate_pred4931_state14                                                   |   1|   0|    1|          0|
    |ap_predicate_pred4939_state14                                                   |   1|   0|    1|          0|
    |ap_predicate_pred4947_state14                                                   |   1|   0|    1|          0|
    |ap_predicate_pred4955_state14                                                   |   1|   0|    1|          0|
    |ap_predicate_pred4963_state14                                                   |   1|   0|    1|          0|
    |ap_predicate_pred4971_state14                                                   |   1|   0|    1|          0|
    |ap_predicate_pred4979_state14                                                   |   1|   0|    1|          0|
    |ap_predicate_pred4987_state14                                                   |   1|   0|    1|          0|
    |ap_predicate_pred4995_state14                                                   |   1|   0|    1|          0|
    |ap_predicate_pred5003_state14                                                   |   1|   0|    1|          0|
    |ap_predicate_pred5011_state14                                                   |   1|   0|    1|          0|
    |ap_predicate_pred5019_state14                                                   |   1|   0|    1|          0|
    |ap_predicate_pred5027_state14                                                   |   1|   0|    1|          0|
    |ap_predicate_pred5035_state14                                                   |   1|   0|    1|          0|
    |ap_predicate_pred5043_state14                                                   |   1|   0|    1|          0|
    |ap_predicate_pred5051_state14                                                   |   1|   0|    1|          0|
    |ap_predicate_pred5059_state14                                                   |   1|   0|    1|          0|
    |ap_predicate_pred5067_state14                                                   |   1|   0|    1|          0|
    |ap_predicate_pred5075_state14                                                   |   1|   0|    1|          0|
    |ap_predicate_pred5083_state14                                                   |   1|   0|    1|          0|
    |ap_predicate_pred5091_state14                                                   |   1|   0|    1|          0|
    |ap_predicate_pred5099_state14                                                   |   1|   0|    1|          0|
    |ap_predicate_pred5107_state14                                                   |   1|   0|    1|          0|
    |ap_predicate_pred5115_state14                                                   |   1|   0|    1|          0|
    |ap_predicate_pred5123_state14                                                   |   1|   0|    1|          0|
    |ap_predicate_pred5131_state14                                                   |   1|   0|    1|          0|
    |ap_predicate_pred5139_state14                                                   |   1|   0|    1|          0|
    |ap_predicate_pred5147_state14                                                   |   1|   0|    1|          0|
    |ap_predicate_pred5155_state14                                                   |   1|   0|    1|          0|
    |ap_predicate_pred5163_state14                                                   |   1|   0|    1|          0|
    |ap_predicate_pred5171_state14                                                   |   1|   0|    1|          0|
    |ap_predicate_pred5179_state14                                                   |   1|   0|    1|          0|
    |ap_predicate_pred5187_state14                                                   |   1|   0|    1|          0|
    |ap_predicate_pred5195_state14                                                   |   1|   0|    1|          0|
    |ap_predicate_pred5203_state14                                                   |   1|   0|    1|          0|
    |ap_predicate_pred5211_state14                                                   |   1|   0|    1|          0|
    |ap_predicate_pred5219_state14                                                   |   1|   0|    1|          0|
    |ap_predicate_pred5227_state14                                                   |   1|   0|    1|          0|
    |ap_predicate_pred5235_state14                                                   |   1|   0|    1|          0|
    |ap_predicate_pred5243_state14                                                   |   1|   0|    1|          0|
    |ap_predicate_pred5251_state14                                                   |   1|   0|    1|          0|
    |ap_predicate_pred5259_state14                                                   |   1|   0|    1|          0|
    |ap_predicate_pred5267_state14                                                   |   1|   0|    1|          0|
    |ap_predicate_pred5275_state14                                                   |   1|   0|    1|          0|
    |ap_predicate_pred5283_state14                                                   |   1|   0|    1|          0|
    |ap_predicate_pred5291_state14                                                   |   1|   0|    1|          0|
    |ap_predicate_pred5299_state14                                                   |   1|   0|    1|          0|
    |ap_predicate_pred5307_state14                                                   |   1|   0|    1|          0|
    |ap_predicate_pred5315_state14                                                   |   1|   0|    1|          0|
    |ap_predicate_pred5323_state14                                                   |   1|   0|    1|          0|
    |ap_predicate_pred5331_state14                                                   |   1|   0|    1|          0|
    |ap_predicate_pred5339_state14                                                   |   1|   0|    1|          0|
    |ap_predicate_pred5347_state14                                                   |   1|   0|    1|          0|
    |ap_predicate_pred5355_state14                                                   |   1|   0|    1|          0|
    |ap_predicate_pred5363_state14                                                   |   1|   0|    1|          0|
    |ap_predicate_pred5371_state14                                                   |   1|   0|    1|          0|
    |ap_predicate_pred5379_state14                                                   |   1|   0|    1|          0|
    |ap_predicate_pred5387_state14                                                   |   1|   0|    1|          0|
    |ap_predicate_pred5395_state14                                                   |   1|   0|    1|          0|
    |ap_predicate_pred5403_state14                                                   |   1|   0|    1|          0|
    |ap_predicate_pred5411_state14                                                   |   1|   0|    1|          0|
    |ap_predicate_pred5419_state14                                                   |   1|   0|    1|          0|
    |ap_predicate_pred5427_state14                                                   |   1|   0|    1|          0|
    |ap_predicate_pred5435_state14                                                   |   1|   0|    1|          0|
    |ap_predicate_pred5443_state14                                                   |   1|   0|    1|          0|
    |ap_predicate_pred5451_state14                                                   |   1|   0|    1|          0|
    |ap_predicate_pred5459_state14                                                   |   1|   0|    1|          0|
    |ap_predicate_pred5467_state14                                                   |   1|   0|    1|          0|
    |ap_predicate_pred5475_state14                                                   |   1|   0|    1|          0|
    |ap_predicate_pred5483_state14                                                   |   1|   0|    1|          0|
    |ap_predicate_pred5491_state14                                                   |   1|   0|    1|          0|
    |ap_predicate_pred5499_state14                                                   |   1|   0|    1|          0|
    |ap_predicate_pred5507_state14                                                   |   1|   0|    1|          0|
    |ap_predicate_pred5515_state14                                                   |   1|   0|    1|          0|
    |ap_predicate_pred5523_state14                                                   |   1|   0|    1|          0|
    |ap_predicate_pred5531_state14                                                   |   1|   0|    1|          0|
    |ap_predicate_pred5539_state14                                                   |   1|   0|    1|          0|
    |ap_predicate_pred5547_state14                                                   |   1|   0|    1|          0|
    |ap_predicate_pred5555_state14                                                   |   1|   0|    1|          0|
    |ap_predicate_pred5563_state14                                                   |   1|   0|    1|          0|
    |ap_predicate_pred5571_state14                                                   |   1|   0|    1|          0|
    |ap_predicate_pred5579_state14                                                   |   1|   0|    1|          0|
    |ap_predicate_pred5587_state14                                                   |   1|   0|    1|          0|
    |ap_predicate_pred5595_state14                                                   |   1|   0|    1|          0|
    |ap_predicate_pred5603_state14                                                   |   1|   0|    1|          0|
    |ap_predicate_pred5611_state14                                                   |   1|   0|    1|          0|
    |ap_predicate_pred5619_state14                                                   |   1|   0|    1|          0|
    |ap_predicate_pred5627_state14                                                   |   1|   0|    1|          0|
    |ap_predicate_pred5635_state14                                                   |   1|   0|    1|          0|
    |ap_predicate_pred5643_state14                                                   |   1|   0|    1|          0|
    |ap_predicate_pred5651_state14                                                   |   1|   0|    1|          0|
    |col_sum_10_fu_956                                                               |  24|   0|   24|          0|
    |col_sum_11_fu_960                                                               |  24|   0|   24|          0|
    |col_sum_12_fu_964                                                               |  24|   0|   24|          0|
    |col_sum_13_fu_968                                                               |  24|   0|   24|          0|
    |col_sum_14_fu_972                                                               |  24|   0|   24|          0|
    |col_sum_15_fu_976                                                               |  24|   0|   24|          0|
    |col_sum_16_fu_980                                                               |  24|   0|   24|          0|
    |col_sum_17_fu_984                                                               |  24|   0|   24|          0|
    |col_sum_18_fu_988                                                               |  24|   0|   24|          0|
    |col_sum_19_fu_992                                                               |  24|   0|   24|          0|
    |col_sum_1_fu_920                                                                |  24|   0|   24|          0|
    |col_sum_20_fu_996                                                               |  24|   0|   24|          0|
    |col_sum_21_fu_1000                                                              |  24|   0|   24|          0|
    |col_sum_22_fu_1004                                                              |  24|   0|   24|          0|
    |col_sum_23_fu_1008                                                              |  24|   0|   24|          0|
    |col_sum_24_fu_1012                                                              |  24|   0|   24|          0|
    |col_sum_25_fu_1016                                                              |  24|   0|   24|          0|
    |col_sum_26_fu_1020                                                              |  24|   0|   24|          0|
    |col_sum_27_fu_1024                                                              |  24|   0|   24|          0|
    |col_sum_28_fu_1028                                                              |  24|   0|   24|          0|
    |col_sum_29_fu_1032                                                              |  24|   0|   24|          0|
    |col_sum_2_fu_924                                                                |  24|   0|   24|          0|
    |col_sum_30_fu_1036                                                              |  24|   0|   24|          0|
    |col_sum_31_fu_1040                                                              |  24|   0|   24|          0|
    |col_sum_32_fu_1044                                                              |  24|   0|   24|          0|
    |col_sum_33_fu_1048                                                              |  24|   0|   24|          0|
    |col_sum_34_fu_1052                                                              |  24|   0|   24|          0|
    |col_sum_35_fu_1056                                                              |  24|   0|   24|          0|
    |col_sum_36_fu_1060                                                              |  24|   0|   24|          0|
    |col_sum_37_fu_1064                                                              |  24|   0|   24|          0|
    |col_sum_38_fu_1068                                                              |  24|   0|   24|          0|
    |col_sum_39_fu_1072                                                              |  24|   0|   24|          0|
    |col_sum_3_fu_928                                                                |  24|   0|   24|          0|
    |col_sum_40_fu_1076                                                              |  24|   0|   24|          0|
    |col_sum_41_fu_1080                                                              |  24|   0|   24|          0|
    |col_sum_42_fu_1084                                                              |  24|   0|   24|          0|
    |col_sum_43_fu_1088                                                              |  24|   0|   24|          0|
    |col_sum_44_fu_1092                                                              |  24|   0|   24|          0|
    |col_sum_45_fu_1096                                                              |  24|   0|   24|          0|
    |col_sum_46_fu_1100                                                              |  24|   0|   24|          0|
    |col_sum_47_fu_1104                                                              |  24|   0|   24|          0|
    |col_sum_48_fu_1108                                                              |  24|   0|   24|          0|
    |col_sum_49_fu_1112                                                              |  24|   0|   24|          0|
    |col_sum_4_fu_932                                                                |  24|   0|   24|          0|
    |col_sum_50_fu_1116                                                              |  24|   0|   24|          0|
    |col_sum_51_fu_1120                                                              |  24|   0|   24|          0|
    |col_sum_52_fu_1124                                                              |  24|   0|   24|          0|
    |col_sum_53_fu_1128                                                              |  24|   0|   24|          0|
    |col_sum_54_fu_1132                                                              |  24|   0|   24|          0|
    |col_sum_55_fu_1136                                                              |  24|   0|   24|          0|
    |col_sum_56_fu_1140                                                              |  24|   0|   24|          0|
    |col_sum_57_fu_1144                                                              |  24|   0|   24|          0|
    |col_sum_58_fu_1148                                                              |  24|   0|   24|          0|
    |col_sum_59_fu_1152                                                              |  24|   0|   24|          0|
    |col_sum_5_fu_936                                                                |  24|   0|   24|          0|
    |col_sum_60_fu_1156                                                              |  24|   0|   24|          0|
    |col_sum_61_fu_1160                                                              |  24|   0|   24|          0|
    |col_sum_62_fu_1164                                                              |  24|   0|   24|          0|
    |col_sum_63_fu_1168                                                              |  24|   0|   24|          0|
    |col_sum_6_fu_940                                                                |  24|   0|   24|          0|
    |col_sum_7_fu_944                                                                |  24|   0|   24|          0|
    |col_sum_8_fu_948                                                                |  24|   0|   24|          0|
    |col_sum_9_fu_952                                                                |  24|   0|   24|          0|
    |col_sum_fu_916                                                                  |  24|   0|   24|          0|
    |denom_1_reg_10751                                                               |  24|   0|   24|          0|
    |grp_top_kernel_Pipeline_VITIS_LOOP_23_1_fu_2227_ap_start_reg                    |   1|   0|    1|          0|
    |grp_top_kernel_Pipeline_VITIS_LOOP_49_6_fu_2242_ap_start_reg                    |   1|   0|    1|          0|
    |grp_top_kernel_Pipeline_VITIS_LOOP_63_8_fu_2389_ap_start_reg                    |   1|   0|    1|          0|
    |grp_top_kernel_Pipeline_VITIS_LOOP_75_10_VITIS_LOOP_80_11_fu_2257_ap_start_reg  |   1|   0|    1|          0|
    |grp_top_kernel_Pipeline_VITIS_LOOP_89_13_fu_2500_ap_start_reg                   |   1|   0|    1|          0|
    |i_1_fu_620                                                                      |   9|   0|    9|          0|
    |row_sum_100_fu_1572                                                             |  24|   0|   24|          0|
    |row_sum_101_fu_1576                                                             |  24|   0|   24|          0|
    |row_sum_102_fu_1580                                                             |  24|   0|   24|          0|
    |row_sum_103_fu_1584                                                             |  24|   0|   24|          0|
    |row_sum_104_fu_1588                                                             |  24|   0|   24|          0|
    |row_sum_105_fu_1592                                                             |  24|   0|   24|          0|
    |row_sum_106_fu_1596                                                             |  24|   0|   24|          0|
    |row_sum_107_fu_1600                                                             |  24|   0|   24|          0|
    |row_sum_108_fu_1604                                                             |  24|   0|   24|          0|
    |row_sum_109_fu_1608                                                             |  24|   0|   24|          0|
    |row_sum_10_fu_1212                                                              |  24|   0|   24|          0|
    |row_sum_110_fu_1612                                                             |  24|   0|   24|          0|
    |row_sum_111_fu_1616                                                             |  24|   0|   24|          0|
    |row_sum_112_fu_1620                                                             |  24|   0|   24|          0|
    |row_sum_113_fu_1624                                                             |  24|   0|   24|          0|
    |row_sum_114_fu_1628                                                             |  24|   0|   24|          0|
    |row_sum_115_fu_1632                                                             |  24|   0|   24|          0|
    |row_sum_116_fu_1636                                                             |  24|   0|   24|          0|
    |row_sum_117_fu_1640                                                             |  24|   0|   24|          0|
    |row_sum_118_fu_1644                                                             |  24|   0|   24|          0|
    |row_sum_119_fu_1648                                                             |  24|   0|   24|          0|
    |row_sum_11_fu_1216                                                              |  24|   0|   24|          0|
    |row_sum_120_fu_1652                                                             |  24|   0|   24|          0|
    |row_sum_121_fu_1656                                                             |  24|   0|   24|          0|
    |row_sum_122_fu_1660                                                             |  24|   0|   24|          0|
    |row_sum_123_fu_1664                                                             |  24|   0|   24|          0|
    |row_sum_124_fu_1668                                                             |  24|   0|   24|          0|
    |row_sum_125_fu_1672                                                             |  24|   0|   24|          0|
    |row_sum_126_fu_1676                                                             |  24|   0|   24|          0|
    |row_sum_127_fu_1680                                                             |  24|   0|   24|          0|
    |row_sum_128_fu_1684                                                             |  24|   0|   24|          0|
    |row_sum_129_fu_1688                                                             |  24|   0|   24|          0|
    |row_sum_12_fu_1220                                                              |  24|   0|   24|          0|
    |row_sum_130_fu_1692                                                             |  24|   0|   24|          0|
    |row_sum_131_fu_1696                                                             |  24|   0|   24|          0|
    |row_sum_132_fu_1700                                                             |  24|   0|   24|          0|
    |row_sum_133_fu_1704                                                             |  24|   0|   24|          0|
    |row_sum_134_fu_1708                                                             |  24|   0|   24|          0|
    |row_sum_135_fu_1712                                                             |  24|   0|   24|          0|
    |row_sum_136_fu_1716                                                             |  24|   0|   24|          0|
    |row_sum_137_fu_1720                                                             |  24|   0|   24|          0|
    |row_sum_138_fu_1724                                                             |  24|   0|   24|          0|
    |row_sum_139_fu_1728                                                             |  24|   0|   24|          0|
    |row_sum_13_fu_1224                                                              |  24|   0|   24|          0|
    |row_sum_140_fu_1732                                                             |  24|   0|   24|          0|
    |row_sum_141_fu_1736                                                             |  24|   0|   24|          0|
    |row_sum_142_fu_1740                                                             |  24|   0|   24|          0|
    |row_sum_143_fu_1744                                                             |  24|   0|   24|          0|
    |row_sum_144_fu_1748                                                             |  24|   0|   24|          0|
    |row_sum_145_fu_1752                                                             |  24|   0|   24|          0|
    |row_sum_146_fu_1756                                                             |  24|   0|   24|          0|
    |row_sum_147_fu_1760                                                             |  24|   0|   24|          0|
    |row_sum_148_fu_1764                                                             |  24|   0|   24|          0|
    |row_sum_149_fu_1768                                                             |  24|   0|   24|          0|
    |row_sum_14_fu_1228                                                              |  24|   0|   24|          0|
    |row_sum_150_fu_1772                                                             |  24|   0|   24|          0|
    |row_sum_151_fu_1776                                                             |  24|   0|   24|          0|
    |row_sum_152_fu_1780                                                             |  24|   0|   24|          0|
    |row_sum_153_fu_1784                                                             |  24|   0|   24|          0|
    |row_sum_154_fu_1788                                                             |  24|   0|   24|          0|
    |row_sum_155_fu_1792                                                             |  24|   0|   24|          0|
    |row_sum_156_fu_1796                                                             |  24|   0|   24|          0|
    |row_sum_157_fu_1800                                                             |  24|   0|   24|          0|
    |row_sum_158_fu_1804                                                             |  24|   0|   24|          0|
    |row_sum_159_fu_1808                                                             |  24|   0|   24|          0|
    |row_sum_15_fu_1232                                                              |  24|   0|   24|          0|
    |row_sum_160_fu_1812                                                             |  24|   0|   24|          0|
    |row_sum_161_fu_1816                                                             |  24|   0|   24|          0|
    |row_sum_162_fu_1820                                                             |  24|   0|   24|          0|
    |row_sum_163_fu_1824                                                             |  24|   0|   24|          0|
    |row_sum_164_fu_1828                                                             |  24|   0|   24|          0|
    |row_sum_165_fu_1832                                                             |  24|   0|   24|          0|
    |row_sum_166_fu_1836                                                             |  24|   0|   24|          0|
    |row_sum_167_fu_1840                                                             |  24|   0|   24|          0|
    |row_sum_168_fu_1844                                                             |  24|   0|   24|          0|
    |row_sum_169_fu_1848                                                             |  24|   0|   24|          0|
    |row_sum_16_fu_1236                                                              |  24|   0|   24|          0|
    |row_sum_170_fu_1852                                                             |  24|   0|   24|          0|
    |row_sum_171_fu_1856                                                             |  24|   0|   24|          0|
    |row_sum_172_fu_1860                                                             |  24|   0|   24|          0|
    |row_sum_173_fu_1864                                                             |  24|   0|   24|          0|
    |row_sum_174_fu_1868                                                             |  24|   0|   24|          0|
    |row_sum_175_fu_1872                                                             |  24|   0|   24|          0|
    |row_sum_176_fu_1876                                                             |  24|   0|   24|          0|
    |row_sum_177_fu_1880                                                             |  24|   0|   24|          0|
    |row_sum_178_fu_1884                                                             |  24|   0|   24|          0|
    |row_sum_179_fu_1888                                                             |  24|   0|   24|          0|
    |row_sum_17_fu_1240                                                              |  24|   0|   24|          0|
    |row_sum_180_fu_1892                                                             |  24|   0|   24|          0|
    |row_sum_181_fu_1896                                                             |  24|   0|   24|          0|
    |row_sum_182_fu_1900                                                             |  24|   0|   24|          0|
    |row_sum_183_fu_1904                                                             |  24|   0|   24|          0|
    |row_sum_184_fu_1908                                                             |  24|   0|   24|          0|
    |row_sum_185_fu_1912                                                             |  24|   0|   24|          0|
    |row_sum_186_fu_1916                                                             |  24|   0|   24|          0|
    |row_sum_187_fu_1920                                                             |  24|   0|   24|          0|
    |row_sum_188_fu_1924                                                             |  24|   0|   24|          0|
    |row_sum_189_fu_1928                                                             |  24|   0|   24|          0|
    |row_sum_18_fu_1244                                                              |  24|   0|   24|          0|
    |row_sum_190_fu_1932                                                             |  24|   0|   24|          0|
    |row_sum_191_fu_1936                                                             |  24|   0|   24|          0|
    |row_sum_192_fu_1940                                                             |  24|   0|   24|          0|
    |row_sum_193_fu_1944                                                             |  24|   0|   24|          0|
    |row_sum_194_fu_1948                                                             |  24|   0|   24|          0|
    |row_sum_195_fu_1952                                                             |  24|   0|   24|          0|
    |row_sum_196_fu_1956                                                             |  24|   0|   24|          0|
    |row_sum_197_fu_1960                                                             |  24|   0|   24|          0|
    |row_sum_198_fu_1964                                                             |  24|   0|   24|          0|
    |row_sum_199_fu_1968                                                             |  24|   0|   24|          0|
    |row_sum_19_fu_1248                                                              |  24|   0|   24|          0|
    |row_sum_1_fu_1176                                                               |  24|   0|   24|          0|
    |row_sum_200_fu_1972                                                             |  24|   0|   24|          0|
    |row_sum_201_fu_1976                                                             |  24|   0|   24|          0|
    |row_sum_202_fu_1980                                                             |  24|   0|   24|          0|
    |row_sum_203_fu_1984                                                             |  24|   0|   24|          0|
    |row_sum_204_fu_1988                                                             |  24|   0|   24|          0|
    |row_sum_205_fu_1992                                                             |  24|   0|   24|          0|
    |row_sum_206_fu_1996                                                             |  24|   0|   24|          0|
    |row_sum_207_fu_2000                                                             |  24|   0|   24|          0|
    |row_sum_208_fu_2004                                                             |  24|   0|   24|          0|
    |row_sum_209_fu_2008                                                             |  24|   0|   24|          0|
    |row_sum_20_fu_1252                                                              |  24|   0|   24|          0|
    |row_sum_210_fu_2012                                                             |  24|   0|   24|          0|
    |row_sum_211_fu_2016                                                             |  24|   0|   24|          0|
    |row_sum_212_fu_2020                                                             |  24|   0|   24|          0|
    |row_sum_213_fu_2024                                                             |  24|   0|   24|          0|
    |row_sum_214_fu_2028                                                             |  24|   0|   24|          0|
    |row_sum_215_fu_2032                                                             |  24|   0|   24|          0|
    |row_sum_216_fu_2036                                                             |  24|   0|   24|          0|
    |row_sum_217_fu_2040                                                             |  24|   0|   24|          0|
    |row_sum_218_fu_2044                                                             |  24|   0|   24|          0|
    |row_sum_219_fu_2048                                                             |  24|   0|   24|          0|
    |row_sum_21_fu_1256                                                              |  24|   0|   24|          0|
    |row_sum_220_fu_2052                                                             |  24|   0|   24|          0|
    |row_sum_221_fu_2056                                                             |  24|   0|   24|          0|
    |row_sum_222_fu_2060                                                             |  24|   0|   24|          0|
    |row_sum_223_fu_2064                                                             |  24|   0|   24|          0|
    |row_sum_224_fu_2068                                                             |  24|   0|   24|          0|
    |row_sum_225_fu_2072                                                             |  24|   0|   24|          0|
    |row_sum_226_fu_2076                                                             |  24|   0|   24|          0|
    |row_sum_227_fu_2080                                                             |  24|   0|   24|          0|
    |row_sum_228_fu_2084                                                             |  24|   0|   24|          0|
    |row_sum_229_fu_2088                                                             |  24|   0|   24|          0|
    |row_sum_22_fu_1260                                                              |  24|   0|   24|          0|
    |row_sum_230_fu_2092                                                             |  24|   0|   24|          0|
    |row_sum_231_fu_2096                                                             |  24|   0|   24|          0|
    |row_sum_232_fu_2100                                                             |  24|   0|   24|          0|
    |row_sum_233_fu_2104                                                             |  24|   0|   24|          0|
    |row_sum_234_fu_2108                                                             |  24|   0|   24|          0|
    |row_sum_235_fu_2112                                                             |  24|   0|   24|          0|
    |row_sum_236_fu_2116                                                             |  24|   0|   24|          0|
    |row_sum_237_fu_2120                                                             |  24|   0|   24|          0|
    |row_sum_238_fu_2124                                                             |  24|   0|   24|          0|
    |row_sum_239_fu_2128                                                             |  24|   0|   24|          0|
    |row_sum_23_fu_1264                                                              |  24|   0|   24|          0|
    |row_sum_240_fu_2132                                                             |  24|   0|   24|          0|
    |row_sum_241_fu_2136                                                             |  24|   0|   24|          0|
    |row_sum_242_fu_2140                                                             |  24|   0|   24|          0|
    |row_sum_243_fu_2144                                                             |  24|   0|   24|          0|
    |row_sum_244_fu_2148                                                             |  24|   0|   24|          0|
    |row_sum_245_fu_2152                                                             |  24|   0|   24|          0|
    |row_sum_246_fu_2156                                                             |  24|   0|   24|          0|
    |row_sum_247_fu_2160                                                             |  24|   0|   24|          0|
    |row_sum_248_fu_2164                                                             |  24|   0|   24|          0|
    |row_sum_249_fu_2168                                                             |  24|   0|   24|          0|
    |row_sum_24_fu_1268                                                              |  24|   0|   24|          0|
    |row_sum_250_fu_2172                                                             |  24|   0|   24|          0|
    |row_sum_251_fu_2176                                                             |  24|   0|   24|          0|
    |row_sum_252_fu_2180                                                             |  24|   0|   24|          0|
    |row_sum_253_fu_2184                                                             |  24|   0|   24|          0|
    |row_sum_254_fu_2188                                                             |  24|   0|   24|          0|
    |row_sum_255_fu_2192                                                             |  24|   0|   24|          0|
    |row_sum_25_fu_1272                                                              |  24|   0|   24|          0|
    |row_sum_26_fu_1276                                                              |  24|   0|   24|          0|
    |row_sum_27_fu_1280                                                              |  24|   0|   24|          0|
    |row_sum_28_fu_1284                                                              |  24|   0|   24|          0|
    |row_sum_29_fu_1288                                                              |  24|   0|   24|          0|
    |row_sum_2_fu_1180                                                               |  24|   0|   24|          0|
    |row_sum_30_fu_1292                                                              |  24|   0|   24|          0|
    |row_sum_31_fu_1296                                                              |  24|   0|   24|          0|
    |row_sum_32_fu_1300                                                              |  24|   0|   24|          0|
    |row_sum_33_fu_1304                                                              |  24|   0|   24|          0|
    |row_sum_34_fu_1308                                                              |  24|   0|   24|          0|
    |row_sum_35_fu_1312                                                              |  24|   0|   24|          0|
    |row_sum_36_fu_1316                                                              |  24|   0|   24|          0|
    |row_sum_37_fu_1320                                                              |  24|   0|   24|          0|
    |row_sum_38_fu_1324                                                              |  24|   0|   24|          0|
    |row_sum_39_fu_1328                                                              |  24|   0|   24|          0|
    |row_sum_3_fu_1184                                                               |  24|   0|   24|          0|
    |row_sum_40_fu_1332                                                              |  24|   0|   24|          0|
    |row_sum_41_fu_1336                                                              |  24|   0|   24|          0|
    |row_sum_42_fu_1340                                                              |  24|   0|   24|          0|
    |row_sum_43_fu_1344                                                              |  24|   0|   24|          0|
    |row_sum_44_fu_1348                                                              |  24|   0|   24|          0|
    |row_sum_45_fu_1352                                                              |  24|   0|   24|          0|
    |row_sum_46_fu_1356                                                              |  24|   0|   24|          0|
    |row_sum_47_fu_1360                                                              |  24|   0|   24|          0|
    |row_sum_48_fu_1364                                                              |  24|   0|   24|          0|
    |row_sum_49_fu_1368                                                              |  24|   0|   24|          0|
    |row_sum_4_fu_1188                                                               |  24|   0|   24|          0|
    |row_sum_50_fu_1372                                                              |  24|   0|   24|          0|
    |row_sum_51_fu_1376                                                              |  24|   0|   24|          0|
    |row_sum_52_fu_1380                                                              |  24|   0|   24|          0|
    |row_sum_53_fu_1384                                                              |  24|   0|   24|          0|
    |row_sum_54_fu_1388                                                              |  24|   0|   24|          0|
    |row_sum_55_fu_1392                                                              |  24|   0|   24|          0|
    |row_sum_56_fu_1396                                                              |  24|   0|   24|          0|
    |row_sum_57_fu_1400                                                              |  24|   0|   24|          0|
    |row_sum_58_fu_1404                                                              |  24|   0|   24|          0|
    |row_sum_59_fu_1408                                                              |  24|   0|   24|          0|
    |row_sum_5_fu_1192                                                               |  24|   0|   24|          0|
    |row_sum_60_fu_1412                                                              |  24|   0|   24|          0|
    |row_sum_61_fu_1416                                                              |  24|   0|   24|          0|
    |row_sum_62_fu_1420                                                              |  24|   0|   24|          0|
    |row_sum_63_fu_1424                                                              |  24|   0|   24|          0|
    |row_sum_64_fu_1428                                                              |  24|   0|   24|          0|
    |row_sum_65_fu_1432                                                              |  24|   0|   24|          0|
    |row_sum_66_fu_1436                                                              |  24|   0|   24|          0|
    |row_sum_67_fu_1440                                                              |  24|   0|   24|          0|
    |row_sum_68_fu_1444                                                              |  24|   0|   24|          0|
    |row_sum_69_fu_1448                                                              |  24|   0|   24|          0|
    |row_sum_6_fu_1196                                                               |  24|   0|   24|          0|
    |row_sum_70_fu_1452                                                              |  24|   0|   24|          0|
    |row_sum_71_fu_1456                                                              |  24|   0|   24|          0|
    |row_sum_72_fu_1460                                                              |  24|   0|   24|          0|
    |row_sum_73_fu_1464                                                              |  24|   0|   24|          0|
    |row_sum_74_fu_1468                                                              |  24|   0|   24|          0|
    |row_sum_75_fu_1472                                                              |  24|   0|   24|          0|
    |row_sum_76_fu_1476                                                              |  24|   0|   24|          0|
    |row_sum_77_fu_1480                                                              |  24|   0|   24|          0|
    |row_sum_78_fu_1484                                                              |  24|   0|   24|          0|
    |row_sum_79_fu_1488                                                              |  24|   0|   24|          0|
    |row_sum_7_fu_1200                                                               |  24|   0|   24|          0|
    |row_sum_80_fu_1492                                                              |  24|   0|   24|          0|
    |row_sum_81_fu_1496                                                              |  24|   0|   24|          0|
    |row_sum_82_fu_1500                                                              |  24|   0|   24|          0|
    |row_sum_83_fu_1504                                                              |  24|   0|   24|          0|
    |row_sum_84_fu_1508                                                              |  24|   0|   24|          0|
    |row_sum_85_fu_1512                                                              |  24|   0|   24|          0|
    |row_sum_86_fu_1516                                                              |  24|   0|   24|          0|
    |row_sum_87_fu_1520                                                              |  24|   0|   24|          0|
    |row_sum_88_fu_1524                                                              |  24|   0|   24|          0|
    |row_sum_89_fu_1528                                                              |  24|   0|   24|          0|
    |row_sum_8_fu_1204                                                               |  24|   0|   24|          0|
    |row_sum_90_fu_1532                                                              |  24|   0|   24|          0|
    |row_sum_91_fu_1536                                                              |  24|   0|   24|          0|
    |row_sum_92_fu_1540                                                              |  24|   0|   24|          0|
    |row_sum_93_fu_1544                                                              |  24|   0|   24|          0|
    |row_sum_94_fu_1548                                                              |  24|   0|   24|          0|
    |row_sum_95_fu_1552                                                              |  24|   0|   24|          0|
    |row_sum_96_fu_1556                                                              |  24|   0|   24|          0|
    |row_sum_97_fu_1560                                                              |  24|   0|   24|          0|
    |row_sum_98_fu_1564                                                              |  24|   0|   24|          0|
    |row_sum_99_fu_1568                                                              |  24|   0|   24|          0|
    |row_sum_9_fu_1208                                                               |  24|   0|   24|          0|
    |row_sum_fu_1172                                                                 |  24|   0|   24|          0|
    |tmp_reg_10417                                                                   |  24|   0|   24|          0|
    |trunc_ln3_reg_10742                                                             |  62|   0|   62|          0|
    |trunc_ln47_1_reg_10412                                                          |   2|   0|    2|          0|
    |trunc_ln47_reg_10405                                                            |   8|   0|    8|          0|
    |trunc_ln_reg_10386                                                              |  62|   0|   62|          0|
    +--------------------------------------------------------------------------------+----+----+-----+-----------+
    |Total                                                                           |8229|   0| 8229|          0|
    +--------------------------------------------------------------------------------+----+----+-----+-----------+



================================================================
== Interface
================================================================
* Summary: 
+-----------------------+-----+-----+------------+--------------+--------------+
|       RTL Ports       | Dir | Bits|  Protocol  | Source Object|    C Type    |
+-----------------------+-----+-----+------------+--------------+--------------+
|s_axi_control_AWVALID  |   in|    1|       s_axi|       control|        scalar|
|s_axi_control_AWREADY  |  out|    1|       s_axi|       control|        scalar|
|s_axi_control_AWADDR   |   in|    6|       s_axi|       control|        scalar|
|s_axi_control_WVALID   |   in|    1|       s_axi|       control|        scalar|
|s_axi_control_WREADY   |  out|    1|       s_axi|       control|        scalar|
|s_axi_control_WDATA    |   in|   32|       s_axi|       control|        scalar|
|s_axi_control_WSTRB    |   in|    4|       s_axi|       control|        scalar|
|s_axi_control_ARVALID  |   in|    1|       s_axi|       control|        scalar|
|s_axi_control_ARREADY  |  out|    1|       s_axi|       control|        scalar|
|s_axi_control_ARADDR   |   in|    6|       s_axi|       control|        scalar|
|s_axi_control_RVALID   |  out|    1|       s_axi|       control|        scalar|
|s_axi_control_RREADY   |   in|    1|       s_axi|       control|        scalar|
|s_axi_control_RDATA    |  out|   32|       s_axi|       control|        scalar|
|s_axi_control_RRESP    |  out|    2|       s_axi|       control|        scalar|
|s_axi_control_BVALID   |  out|    1|       s_axi|       control|        scalar|
|s_axi_control_BREADY   |   in|    1|       s_axi|       control|        scalar|
|s_axi_control_BRESP    |  out|    2|       s_axi|       control|        scalar|
|ap_clk                 |   in|    1|  ap_ctrl_hs|    top_kernel|  return value|
|ap_rst_n               |   in|    1|  ap_ctrl_hs|    top_kernel|  return value|
|interrupt              |  out|    1|  ap_ctrl_hs|    top_kernel|  return value|
|m_axi_A_AWVALID        |  out|    1|       m_axi|             A|       pointer|
|m_axi_A_AWREADY        |   in|    1|       m_axi|             A|       pointer|
|m_axi_A_AWADDR         |  out|   64|       m_axi|             A|       pointer|
|m_axi_A_AWID           |  out|    1|       m_axi|             A|       pointer|
|m_axi_A_AWLEN          |  out|    8|       m_axi|             A|       pointer|
|m_axi_A_AWSIZE         |  out|    3|       m_axi|             A|       pointer|
|m_axi_A_AWBURST        |  out|    2|       m_axi|             A|       pointer|
|m_axi_A_AWLOCK         |  out|    2|       m_axi|             A|       pointer|
|m_axi_A_AWCACHE        |  out|    4|       m_axi|             A|       pointer|
|m_axi_A_AWPROT         |  out|    3|       m_axi|             A|       pointer|
|m_axi_A_AWQOS          |  out|    4|       m_axi|             A|       pointer|
|m_axi_A_AWREGION       |  out|    4|       m_axi|             A|       pointer|
|m_axi_A_AWUSER         |  out|    1|       m_axi|             A|       pointer|
|m_axi_A_WVALID         |  out|    1|       m_axi|             A|       pointer|
|m_axi_A_WREADY         |   in|    1|       m_axi|             A|       pointer|
|m_axi_A_WDATA          |  out|   32|       m_axi|             A|       pointer|
|m_axi_A_WSTRB          |  out|    4|       m_axi|             A|       pointer|
|m_axi_A_WLAST          |  out|    1|       m_axi|             A|       pointer|
|m_axi_A_WID            |  out|    1|       m_axi|             A|       pointer|
|m_axi_A_WUSER          |  out|    1|       m_axi|             A|       pointer|
|m_axi_A_ARVALID        |  out|    1|       m_axi|             A|       pointer|
|m_axi_A_ARREADY        |   in|    1|       m_axi|             A|       pointer|
|m_axi_A_ARADDR         |  out|   64|       m_axi|             A|       pointer|
|m_axi_A_ARID           |  out|    1|       m_axi|             A|       pointer|
|m_axi_A_ARLEN          |  out|    8|       m_axi|             A|       pointer|
|m_axi_A_ARSIZE         |  out|    3|       m_axi|             A|       pointer|
|m_axi_A_ARBURST        |  out|    2|       m_axi|             A|       pointer|
|m_axi_A_ARLOCK         |  out|    2|       m_axi|             A|       pointer|
|m_axi_A_ARCACHE        |  out|    4|       m_axi|             A|       pointer|
|m_axi_A_ARPROT         |  out|    3|       m_axi|             A|       pointer|
|m_axi_A_ARQOS          |  out|    4|       m_axi|             A|       pointer|
|m_axi_A_ARREGION       |  out|    4|       m_axi|             A|       pointer|
|m_axi_A_ARUSER         |  out|    1|       m_axi|             A|       pointer|
|m_axi_A_RVALID         |   in|    1|       m_axi|             A|       pointer|
|m_axi_A_RREADY         |  out|    1|       m_axi|             A|       pointer|
|m_axi_A_RDATA          |   in|   32|       m_axi|             A|       pointer|
|m_axi_A_RLAST          |   in|    1|       m_axi|             A|       pointer|
|m_axi_A_RID            |   in|    1|       m_axi|             A|       pointer|
|m_axi_A_RUSER          |   in|    1|       m_axi|             A|       pointer|
|m_axi_A_RRESP          |   in|    2|       m_axi|             A|       pointer|
|m_axi_A_BVALID         |   in|    1|       m_axi|             A|       pointer|
|m_axi_A_BREADY         |  out|    1|       m_axi|             A|       pointer|
|m_axi_A_BRESP          |   in|    2|       m_axi|             A|       pointer|
|m_axi_A_BID            |   in|    1|       m_axi|             A|       pointer|
|m_axi_A_BUSER          |   in|    1|       m_axi|             A|       pointer|
|m_axi_C_AWVALID        |  out|    1|       m_axi|             C|       pointer|
|m_axi_C_AWREADY        |   in|    1|       m_axi|             C|       pointer|
|m_axi_C_AWADDR         |  out|   64|       m_axi|             C|       pointer|
|m_axi_C_AWID           |  out|    1|       m_axi|             C|       pointer|
|m_axi_C_AWLEN          |  out|    8|       m_axi|             C|       pointer|
|m_axi_C_AWSIZE         |  out|    3|       m_axi|             C|       pointer|
|m_axi_C_AWBURST        |  out|    2|       m_axi|             C|       pointer|
|m_axi_C_AWLOCK         |  out|    2|       m_axi|             C|       pointer|
|m_axi_C_AWCACHE        |  out|    4|       m_axi|             C|       pointer|
|m_axi_C_AWPROT         |  out|    3|       m_axi|             C|       pointer|
|m_axi_C_AWQOS          |  out|    4|       m_axi|             C|       pointer|
|m_axi_C_AWREGION       |  out|    4|       m_axi|             C|       pointer|
|m_axi_C_AWUSER         |  out|    1|       m_axi|             C|       pointer|
|m_axi_C_WVALID         |  out|    1|       m_axi|             C|       pointer|
|m_axi_C_WREADY         |   in|    1|       m_axi|             C|       pointer|
|m_axi_C_WDATA          |  out|   32|       m_axi|             C|       pointer|
|m_axi_C_WSTRB          |  out|    4|       m_axi|             C|       pointer|
|m_axi_C_WLAST          |  out|    1|       m_axi|             C|       pointer|
|m_axi_C_WID            |  out|    1|       m_axi|             C|       pointer|
|m_axi_C_WUSER          |  out|    1|       m_axi|             C|       pointer|
|m_axi_C_ARVALID        |  out|    1|       m_axi|             C|       pointer|
|m_axi_C_ARREADY        |   in|    1|       m_axi|             C|       pointer|
|m_axi_C_ARADDR         |  out|   64|       m_axi|             C|       pointer|
|m_axi_C_ARID           |  out|    1|       m_axi|             C|       pointer|
|m_axi_C_ARLEN          |  out|    8|       m_axi|             C|       pointer|
|m_axi_C_ARSIZE         |  out|    3|       m_axi|             C|       pointer|
|m_axi_C_ARBURST        |  out|    2|       m_axi|             C|       pointer|
|m_axi_C_ARLOCK         |  out|    2|       m_axi|             C|       pointer|
|m_axi_C_ARCACHE        |  out|    4|       m_axi|             C|       pointer|
|m_axi_C_ARPROT         |  out|    3|       m_axi|             C|       pointer|
|m_axi_C_ARQOS          |  out|    4|       m_axi|             C|       pointer|
|m_axi_C_ARREGION       |  out|    4|       m_axi|             C|       pointer|
|m_axi_C_ARUSER         |  out|    1|       m_axi|             C|       pointer|
|m_axi_C_RVALID         |   in|    1|       m_axi|             C|       pointer|
|m_axi_C_RREADY         |  out|    1|       m_axi|             C|       pointer|
|m_axi_C_RDATA          |   in|   32|       m_axi|             C|       pointer|
|m_axi_C_RLAST          |   in|    1|       m_axi|             C|       pointer|
|m_axi_C_RID            |   in|    1|       m_axi|             C|       pointer|
|m_axi_C_RUSER          |   in|    1|       m_axi|             C|       pointer|
|m_axi_C_RRESP          |   in|    2|       m_axi|             C|       pointer|
|m_axi_C_BVALID         |   in|    1|       m_axi|             C|       pointer|
|m_axi_C_BREADY         |  out|    1|       m_axi|             C|       pointer|
|m_axi_C_BRESP          |   in|    2|       m_axi|             C|       pointer|
|m_axi_C_BID            |   in|    1|       m_axi|             C|       pointer|
|m_axi_C_BUSER          |   in|    1|       m_axi|             C|       pointer|
+-----------------------+-----+-----+------------+--------------+--------------+

